tconst,parentTconst,seasonNumber,episodeNumber,TV-show,primaryTitle_y,startYear,endYear,channel,averageRating,numVotes
tt3957774,tt3398228,1,1,BoJack Horseman,"BoJack Horseman: The BoJack Horseman Story, Chapter One",2014,\N,Netflix,7.1,2215
tt3978916,tt3398228,1,5,BoJack Horseman,"Live Fast, Diane Nguyen",2014,\N,Netflix,7.4,1545
tt3978918,tt3398228,1,6,BoJack Horseman,Our A-Story Is a 'D' Story,2014,\N,Netflix,7.9,1579
tt3978922,tt3398228,1,8,BoJack Horseman,The Telescope,2014,\N,Netflix,8.1,1808
tt3978928,tt3398228,1,9,BoJack Horseman,Horse Majeure,2014,\N,Netflix,7.9,1478
tt3978930,tt3398228,1,10,BoJack Horseman,One Trick Pony,2014,\N,Netflix,7.8,1456
tt3978932,tt3398228,1,11,BoJack Horseman,Downer Ending,2014,\N,Netflix,8.5,2495
tt3978934,tt3398228,1,12,BoJack Horseman,Later,2014,\N,Netflix,8.1,1701
tt3980964,tt3398228,1,4,BoJack Horseman,Zoës and Zeldas,2014,\N,Netflix,7.4,1611
tt3981116,tt3398228,1,3,BoJack Horseman,Prickly Muffin,2014,\N,Netflix,7.4,1714
tt3981398,tt3398228,1,7,BoJack Horseman,Say Anything,2014,\N,Netflix,8.0,1580
tt3982374,tt3398228,1,2,BoJack Horseman,BoJack Hates the Troops,2014,\N,Netflix,7.7,1902
tt4294938,tt3398228,2,0,BoJack Horseman,BoJack Horseman Christmas Special: Sabrina's Christmas Wish,2014,\N,Netflix,7.1,1143
tt4311472,tt3398228,2,1,BoJack Horseman,Brand New Couch,2015,\N,Netflix,8.0,1492
tt4835722,tt3398228,2,2,BoJack Horseman,Yesterdayland,2015,\N,Netflix,7.9,1385
tt4835724,tt3398228,2,3,BoJack Horseman,Still Broken,2015,\N,Netflix,7.9,1364
tt4835728,tt3398228,2,5,BoJack Horseman,Chickens,2015,\N,Netflix,8.0,1450
tt4835730,tt3398228,2,4,BoJack Horseman,After the Party,2015,\N,Netflix,8.0,1376
tt4835732,tt3398228,2,6,BoJack Horseman,Higher Love,2015,\N,Netflix,7.7,1279
tt4835736,tt3398228,2,8,BoJack Horseman,Let's Find Out,2015,\N,Netflix,8.1,1804
tt4835738,tt3398228,2,7,BoJack Horseman,Hank After Dark,2015,\N,Netflix,8.1,1452
tt4835740,tt3398228,2,9,BoJack Horseman,The Shot,2015,\N,Netflix,8.1,1388
tt4835746,tt3398228,2,10,BoJack Horseman,Yes And,2015,\N,Netflix,8.1,1489
tt4835748,tt3398228,2,11,BoJack Horseman,Escape from L.A.,2015,\N,Netflix,8.7,2532
tt4835752,tt3398228,2,12,BoJack Horseman,Out to Sea,2015,\N,Netflix,8.1,1556
tt4896050,tt3398228,3,1,BoJack Horseman,Start Spreading the News,2016,\N,Netflix,7.9,1268
tt5113952,tt3398228,3,6,BoJack Horseman,Brrap Brrap Pew Pew,2016,\N,Netflix,8.0,1421
tt5218276,tt3398228,3,2,BoJack Horseman,The BoJack Horseman Show,2016,\N,Netflix,8.0,1354
tt5218432,tt3398228,3,3,BoJack Horseman,BoJack Kills,2016,\N,Netflix,7.4,1238
tt5218434,tt3398228,3,4,BoJack Horseman,Fish Out of Water,2016,\N,Netflix,9.1,4263
tt5218444,tt3398228,3,5,BoJack Horseman,Love And/Or Marriage,2016,\N,Netflix,8.1,1312
tt5218452,tt3398228,3,7,BoJack Horseman,Stop the Presses,2016,\N,Netflix,8.1,1332
tt5218464,tt3398228,3,8,BoJack Horseman,Old Acquaintance,2016,\N,Netflix,7.9,1179
tt5218468,tt3398228,3,9,BoJack Horseman,Best Thing That Ever Happened,2016,\N,Netflix,8.1,1379
tt5218478,tt3398228,3,10,BoJack Horseman,It's You,2016,\N,Netflix,8.2,1496
tt5218488,tt3398228,3,11,BoJack Horseman,"That's Too Much, Man!",2016,\N,Netflix,8.9,2820
tt5218494,tt3398228,3,12,BoJack Horseman,That Went Well,2016,\N,Netflix,8.2,1818
tt5903904,tt3398228,4,1,BoJack Horseman,See Mr. Peanutbutter Run,2017,\N,Netflix,7.7,1316
tt6260644,tt3398228,4,7,BoJack Horseman,Underground,2017,\N,Netflix,8.1,1260
tt6542602,tt3398228,4,5,BoJack Horseman,Thoughts and Prayers,2017,\N,Netflix,8.1,1309
tt6542604,tt3398228,4,2,BoJack Horseman,The Old Sugarman Place,2017,\N,Netflix,9.0,2277
tt6542606,tt3398228,4,4,BoJack Horseman,Commence Fracking,2017,\N,Netflix,7.8,1175
tt6542608,tt3398228,4,6,BoJack Horseman,Stupid Piece of Sh*t,2017,\N,Netflix,8.9,1988
tt6542612,tt3398228,4,8,BoJack Horseman,The Judge,2017,\N,Netflix,7.7,1104
tt6542616,tt3398228,4,3,BoJack Horseman,Hooray! Todd Episode!,2017,\N,Netflix,8.1,1430
tt6542618,tt3398228,4,10,BoJack Horseman,lovin that cali lifestyle!!,2017,\N,Netflix,8.2,1300
tt6542620,tt3398228,4,12,BoJack Horseman,What Time Is It Right Now,2017,\N,Netflix,8.7,1634
tt6542622,tt3398228,4,9,BoJack Horseman,Ruthie,2017,\N,Netflix,8.6,1728
tt6542628,tt3398228,4,11,BoJack Horseman,Time's Arrow,2017,\N,Netflix,9.6,4357
tt7484892,tt3398228,5,1,BoJack Horseman,The Light Bulb Scene,2018,\N,Netflix,8.1,1167
tt8266810,tt3398228,5,2,BoJack Horseman,The Dog Days Are Over,2018,\N,Netflix,9.0,1537
tt8266818,tt3398228,5,3,BoJack Horseman,Planned Obsolescence,2018,\N,Netflix,8.1,1117
tt8266820,tt3398228,5,4,BoJack Horseman,BoJack the Feminist,2018,\N,Netflix,8.2,1134
tt8266824,tt3398228,5,5,BoJack Horseman,The Amelia Earheart Story,2018,\N,Netflix,8.5,1183
tt8266826,tt3398228,5,6,BoJack Horseman,Free Churro,2018,\N,Netflix,9.8,4984
tt8266828,tt3398228,5,7,BoJack Horseman,INT. SUB,2018,\N,Netflix,8.9,1318
tt8266832,tt3398228,5,9,BoJack Horseman,Ancient History,2018,\N,Netflix,8.4,1002
tt8266834,tt3398228,5,8,BoJack Horseman,Mr. Peanutbutter's Boos,2018,\N,Netflix,8.5,1086
tt8266836,tt3398228,5,11,BoJack Horseman,The Showstopper,2018,\N,Netflix,9.5,1701
tt8266838,tt3398228,5,10,BoJack Horseman,Head in the Clouds,2018,\N,Netflix,9.0,1125
tt8266840,tt3398228,5,12,BoJack Horseman,The Stopped Show,2018,\N,Netflix,9.1,1153
tt1596981,tt1460534,1,1,Stranger Things,Sacred Cow,2008,\N,Netflix,7.7,12
tt4593118,tt4574334,1,1,Stranger Things,Chapter One: The Vanishing of Will Byers,2016,\N,Netflix,8.6,13959
tt1599192,tt1460534,1,3,Stranger Things,One of Those Faces,2008,\N,Netflix,5.0,5
tt4593126,tt4574334,1,3,Stranger Things,"Chapter Three: Holly, Jolly",2016,\N,Netflix,8.9,12550
tt1599803,tt1460534,1,2,Stranger Things,Sins of the Mother,2008,\N,Netflix,4.1,7
tt4593122,tt4574334,1,2,Stranger Things,Chapter Two: The Weirdo on Maple Street,2016,\N,Netflix,8.5,12470
tt4593124,tt4574334,1,4,Stranger Things,Chapter Four: The Body,2016,\N,Netflix,8.9,12300
tt4593128,tt4574334,1,5,Stranger Things,Chapter Five: The Flea and the Acrobat,2016,\N,Netflix,8.7,11570
tt4593132,tt4574334,1,6,Stranger Things,Chapter Six: The Monster,2016,\N,Netflix,8.8,11404
tt4593134,tt4574334,1,7,Stranger Things,Chapter Seven: The Bathtub,2016,\N,Netflix,9.1,12006
tt4593138,tt4574334,1,8,Stranger Things,Chapter Eight: The Upside Down,2016,\N,Netflix,9.3,14075
tt6020684,tt4574334,2,1,Stranger Things,Chapter One: MADMAX,2017,\N,Netflix,8.4,10861
tt6020792,tt4574334,2,2,Stranger Things,"Chapter Two: Trick or Treat, Freak",2017,\N,Netflix,8.5,9921
tt6020796,tt4574334,2,3,Stranger Things,Chapter Three: The Pollywog,2017,\N,Netflix,8.7,9725
tt6020802,tt4574334,2,4,Stranger Things,Chapter Four: Will the Wise,2017,\N,Netflix,8.7,9534
tt6020806,tt4574334,2,5,Stranger Things,Chapter Five: Dig Dug,2017,\N,Netflix,8.9,9791
tt6020808,tt4574334,2,6,Stranger Things,Chapter Six: The Spy,2017,\N,Netflix,9.2,10603
tt6020810,tt4574334,2,7,Stranger Things,Chapter Seven: The Lost Sister,2017,\N,Netflix,6.2,15866
tt6020812,tt4574334,2,8,Stranger Things,Chapter Eight: The Mind Flayer,2017,\N,Netflix,9.3,11623
tt6020876,tt4574334,2,9,Stranger Things,Chapter Nine: The Gate,2017,\N,Netflix,9.4,12979
tt2400770,tt2372162,1,1,Orange Is the New Black,I Wasn't Ready,2013,\N,Netflix,7.8,3318
tt2431596,tt2372162,1,2,Orange Is the New Black,Tit Punch,2013,\N,Netflix,8.0,2684
tt2451520,tt2372162,1,3,Orange Is the New Black,Lesbian Request Denied,2013,\N,Netflix,8.1,2525
tt2511028,tt2372162,1,6,Orange Is the New Black,WAC Pack,2013,\N,Netflix,8.0,2198
tt2511030,tt2372162,1,5,Orange Is the New Black,The Chickening,2013,\N,Netflix,8.0,2329
tt2577286,tt2372162,1,4,Orange Is the New Black,Imaginary Enemies,2013,\N,Netflix,8.2,2376
tt2595996,tt2372162,1,7,Orange Is the New Black,Blood Donut,2013,\N,Netflix,7.9,2084
tt2620550,tt2372162,1,8,Orange Is the New Black,Moscow Mule,2013,\N,Netflix,8.0,2051
tt2640490,tt2372162,1,9,Orange Is the New Black,Fucksgiving,2013,\N,Netflix,8.5,2205
tt2692410,tt2372162,1,10,Orange Is the New Black,Bora Bora Bora,2013,\N,Netflix,8.7,2188
tt2739642,tt2372162,1,11,Orange Is the New Black,Tall Men with Feelings,2013,\N,Netflix,8.6,2126
tt2754708,tt2372162,1,13,Orange Is the New Black,Can't Fix Crazy,2013,\N,Netflix,8.9,2657
tt2754710,tt2372162,1,12,Orange Is the New Black,Fool Me Once,2013,\N,Netflix,8.2,1988
tt3015084,tt2372162,2,1,Orange Is the New Black,Thirsty Bird,2014,\N,Netflix,8.5,2336
tt3099720,tt2372162,2,2,Orange Is the New Black,"Looks Blue, Tastes Red",2014,\N,Netflix,8.0,1925
tt3262410,tt2372162,2,6,Orange Is the New Black,You Also Have a Pizza,2014,\N,Netflix,8.3,1812
tt3262412,tt2372162,2,3,Orange Is the New Black,Hugs Can Be Deceiving,2014,\N,Netflix,8.2,1827
tt3262414,tt2372162,2,4,Orange Is the New Black,A Whole Other Hole,2014,\N,Netflix,8.4,1859
tt3262416,tt2372162,2,5,Orange Is the New Black,Low Self Esteem City,2014,\N,Netflix,8.0,1741
tt3262418,tt2372162,2,8,Orange Is the New Black,Appropriately Sized Pots,2014,\N,Netflix,8.3,1676
tt3262420,tt2372162,2,11,Orange Is the New Black,Take a Break from Your Values,2014,\N,Netflix,8.4,1674
tt3262422,tt2372162,2,12,Orange Is the New Black,It Was the Change,2014,\N,Netflix,8.7,1796
tt3262424,tt2372162,2,7,Orange Is the New Black,Comic Sans,2014,\N,Netflix,8.1,1699
tt3262426,tt2372162,2,9,Orange Is the New Black,40 Oz. of Furlough,2014,\N,Netflix,8.5,1732
tt3262428,tt2372162,2,10,Orange Is the New Black,Little Mustachioed Shit,2014,\N,Netflix,8.6,1730
tt3262434,tt2372162,2,13,Orange Is the New Black,We Have Manners. We're Polite.,2014,\N,Netflix,9.4,3304
tt3713502,tt2372162,3,1,Orange Is the New Black,Mother's Day,2015,\N,Netflix,7.8,1939
tt3807516,tt2372162,3,2,Orange Is the New Black,Bed Bugs and Beyond,2015,\N,Netflix,7.9,1674
tt3807518,tt2372162,3,4,Orange Is the New Black,Finger in the Dyke,2015,\N,Netflix,8.0,1553
tt3807522,tt2372162,3,3,Orange Is the New Black,Empathy Is a Boner Killer,2015,\N,Netflix,8.2,1644
tt3807524,tt2372162,3,5,Orange Is the New Black,Fake It Till You Fake It Some More,2015,\N,Netflix,7.8,1487
tt3807526,tt2372162,3,9,Orange Is the New Black,Where My Dreidel At,2015,\N,Netflix,8.0,1421
tt3807528,tt2372162,3,6,Orange Is the New Black,Ching Chong Chang,2015,\N,Netflix,8.2,1545
tt3807532,tt2372162,3,7,Orange Is the New Black,Tongue-Tied,2015,\N,Netflix,8.0,1454
tt3807534,tt2372162,3,8,Orange Is the New Black,"Fear, and Other Smells",2015,\N,Netflix,8.0,1430
tt3807538,tt2372162,3,13,Orange Is the New Black,Trust No Bitch,2015,\N,Netflix,9.0,2358
tt3807540,tt2372162,3,11,Orange Is the New Black,We Can Be Heroes,2015,\N,Netflix,8.3,1420
tt3807544,tt2372162,3,12,Orange Is the New Black,Don't Make Me Come Back There,2015,\N,Netflix,8.2,1445
tt3807546,tt2372162,3,10,Orange Is the New Black,A Tittin' and a Hairin',2015,\N,Netflix,8.5,1542
tt4645280,tt2372162,4,1,Orange Is the New Black,Work That Body for Me,2016,\N,Netflix,8.5,1642
tt4800062,tt2372162,4,2,Orange Is the New Black,Power Suit,2016,\N,Netflix,7.9,1339
tt4848198,tt2372162,4,3,Orange Is the New Black,(Don't) Say Anything,2016,\N,Netflix,8.1,1284
tt4943588,tt2372162,4,4,Orange Is the New Black,Doctor Psycho,2016,\N,Netflix,8.1,1241
tt4955850,tt2372162,4,6,Orange Is the New Black,Piece of Sh*t,2016,\N,Netflix,8.6,1308
tt4964764,tt2372162,4,5,Orange Is the New Black,We'll Always Have Baltimore,2016,\N,Netflix,8.1,1173
tt4982080,tt2372162,4,7,Orange Is the New Black,It Sounded Nicer in My Head,2016,\N,Netflix,8.8,1317
tt5188388,tt2372162,4,11,Orange Is the New Black,People Persons,2016,\N,Netflix,9.3,1834
tt5193130,tt2372162,4,12,Orange Is the New Black,The Animals,2016,\N,Netflix,9.4,2355
tt5193132,tt2372162,4,13,Orange Is the New Black,Toast Can't Never Be Bread Again,2016,\N,Netflix,9.5,3363
tt5197318,tt2372162,4,9,Orange Is the New Black,Turn Table Turn,2016,\N,Netflix,8.2,1209
tt5208156,tt2372162,4,8,Orange Is the New Black,Friends in Low Places,2016,\N,Netflix,8.5,1268
tt5208192,tt2372162,4,10,Orange Is the New Black,"Bunny, Skull, Bunny, Skull",2016,\N,Netflix,8.4,1228
tt5440228,tt2372162,5,1,Orange Is the New Black,Riot FOMO,2017,\N,Netflix,8.2,1279
tt5440234,tt2372162,6,1,Orange Is the New Black,Who Knows Better Than I,2018,\N,Netflix,7.4,1042
tt5842030,tt2372162,5,13,Orange Is the New Black,Storm-y Weather,2017,\N,Netflix,9.1,1627
tt5948520,tt2372162,5,4,Orange Is the New Black,Litchfield's Got Talent,2017,\N,Netflix,7.8,1120
tt5949054,tt2372162,5,3,Orange Is the New Black,Pissters!,2017,\N,Netflix,7.8,1053
tt5974194,tt2372162,5,5,Orange Is the New Black,"Sing It, White Effie",2017,\N,Netflix,8.3,1055
tt6007580,tt2372162,5,2,Orange Is the New Black,"F*ck, Marry, Frieda",2017,\N,Netflix,8.1,1114
tt6007582,tt2372162,5,6,Orange Is the New Black,"Flaming Hot Cheetos, Literally",2017,\N,Netflix,8.0,980
tt6007584,tt2372162,5,7,Orange Is the New Black,"Full Bush, Half Snickers",2017,\N,Netflix,7.8,992
tt6007588,tt2372162,5,8,Orange Is the New Black,Tied to the Tracks,2017,\N,Netflix,8.2,965
tt6007596,tt2372162,5,9,Orange Is the New Black,The Tightening,2017,\N,Netflix,8.3,1013
tt6007600,tt2372162,5,10,Orange Is the New Black,The Reverse Midas Touch,2017,\N,Netflix,8.6,1087
tt6007602,tt2372162,5,11,Orange Is the New Black,Breaking the Fiberboard Ceiling,2017,\N,Netflix,8.0,950
tt6007608,tt2372162,5,12,Orange Is the New Black,Tattoo You,2017,\N,Netflix,8.2,1007
tt6360850,tt2372162,6,13,Orange Is the New Black,Be Free,2018,\N,Netflix,8.9,1013
tt7294194,tt2372162,6,2,Orange Is the New Black,Sh*tstorm Coming,2018,\N,Netflix,7.8,775
tt7312846,tt2372162,6,3,Orange Is the New Black,Look Out for Number One,2018,\N,Netflix,8.1,732
tt7435422,tt2372162,6,4,Orange Is the New Black,I'm the Talking Ass,2018,\N,Netflix,8.1,694
tt7539856,tt2372162,6,6,Orange Is the New Black,State of the Uterus,2018,\N,Netflix,7.8,649
tt7563092,tt2372162,6,7,Orange Is the New Black,Changing Winds,2018,\N,Netflix,7.9,615
tt7601504,tt2372162,6,5,Orange Is the New Black,Mischief Mischief,2018,\N,Netflix,7.9,660
tt7601506,tt2372162,6,8,Orange Is the New Black,Gordons,2018,\N,Netflix,7.9,611
tt7601508,tt2372162,6,9,Orange Is the New Black,Break the String,2018,\N,Netflix,8.0,597
tt7601510,tt2372162,6,10,Orange Is the New Black,Chocolate Chip Nookie,2018,\N,Netflix,8.0,609
tt7601514,tt2372162,6,11,Orange Is the New Black,Well This Took a Dark Turn,2018,\N,Netflix,8.3,630
tt7601516,tt2372162,6,12,Orange Is the New Black,Double Trouble,2018,\N,Netflix,8.3,633
tt2461632,tt2442560,1,5,Peaky Blinders,Episode #1.5,2013,\N,Netflix,9.0,3110
tt2461634,tt2442560,1,4,Peaky Blinders,Episode #1.4,2013,\N,Netflix,8.8,2924
tt2461638,tt2442560,1,6,Peaky Blinders,Episode #1.6,2013,\N,Netflix,9.2,3478
tt2471500,tt2442560,1,1,Peaky Blinders,Episode #1.1,2013,\N,Netflix,8.2,3845
tt2471502,tt2442560,1,2,Peaky Blinders,Episode #1.2,2013,\N,Netflix,8.4,3205
tt2471506,tt2442560,1,3,Peaky Blinders,Episode #1.3,2013,\N,Netflix,8.5,2973
tt3655782,tt2442560,2,1,Peaky Blinders,Episode #2.1,2014,\N,Netflix,8.7,2725
tt3683570,tt2442560,2,2,Peaky Blinders,Episode #2.2,2014,\N,Netflix,8.6,2479
tt3683572,tt2442560,2,3,Peaky Blinders,Episode #2.3,2014,\N,Netflix,8.8,2406
tt3683574,tt2442560,2,4,Peaky Blinders,Episode #2.4,2014,\N,Netflix,8.6,2356
tt3683576,tt2442560,2,6,Peaky Blinders,Episode #2.6,2014,\N,Netflix,9.6,4267
tt3683578,tt2442560,2,5,Peaky Blinders,Episode #2.5,2014,\N,Netflix,8.9,2406
tt4277144,tt2442560,3,1,Peaky Blinders,Episode #3.1,2016,\N,Netflix,8.4,2453
tt4370544,tt2442560,3,2,Peaky Blinders,Episode #3.2,2016,\N,Netflix,9.1,2394
tt4370546,tt2442560,3,3,Peaky Blinders,Episode #3.3,2016,\N,Netflix,9.0,2177
tt4370550,tt2442560,3,4,Peaky Blinders,Episode #3.4,2016,\N,Netflix,9.0,2157
tt4370552,tt2442560,3,6,Peaky Blinders,Episode #3.6,2016,\N,Netflix,9.6,3911
tt4370554,tt2442560,3,5,Peaky Blinders,Episode #3.5,2016,\N,Netflix,8.6,2032
tt5755998,tt2442560,4,1,Peaky Blinders,The Noose,2017,\N,Netflix,9.5,4472
tt6056650,tt2442560,4,6,Peaky Blinders,The Company,2017,\N,Netflix,9.4,3790
tt6227888,tt2442560,4,2,Peaky Blinders,Heathens,2017,\N,Netflix,9.3,3090
tt6227890,tt2442560,4,3,Peaky Blinders,Blackbird,2017,\N,Netflix,8.7,2392
tt6227892,tt2442560,4,4,Peaky Blinders,Dangerous,2017,\N,Netflix,8.8,2277
tt6227900,tt2442560,4,5,Peaky Blinders,The Duel,2017,\N,Netflix,8.9,2272
tt5056652,tt4786824,1,10,The Crown,Gloriana,2016,\N,Netflix,8.7,1790
tt5095274,tt4786824,1,2,The Crown,Hyde Park Corner,2016,\N,Netflix,9.1,2790
tt5170842,tt4786824,1,4,The Crown,Act of God,2016,\N,Netflix,8.8,2179
tt5242352,tt4786824,1,3,The Crown,Windsor,2016,\N,Netflix,8.3,2115
tt5242360,tt4786824,1,5,The Crown,Smoke and Mirrors,2016,\N,Netflix,8.6,2030
tt5242362,tt4786824,1,6,The Crown,Gelignite,2016,\N,Netflix,8.2,1843
tt5254162,tt4786824,1,7,The Crown,Scientia Potentia Est,2016,\N,Netflix,8.9,2016
tt5254184,tt4786824,1,9,The Crown,Assassins,2016,\N,Netflix,9.2,2313
tt5325140,tt4786824,1,8,The Crown,Pride & Joy,2016,\N,Netflix,8.6,1814
tt5483578,tt4786824,1,1,The Crown,Wolferton Splash,2016,\N,Netflix,8.3,2767
tt6366744,tt4786824,2,1,The Crown,Misadventure,2017,\N,Netflix,8.4,1542
tt6410770,tt4786824,2,8,The Crown,Dear Mrs. Kennedy,2017,\N,Netflix,9.3,1927
tt6410814,tt4786824,2,9,The Crown,Paterfamilias,2017,\N,Netflix,8.9,1609
tt6718340,tt4786824,2,5,The Crown,Marionettes,2017,\N,Netflix,9.1,1715
tt6758702,tt4786824,2,2,The Crown,A Company of Men,2017,\N,Netflix,8.3,1425
tt6837072,tt4786824,2,6,The Crown,Vergangenheit,2017,\N,Netflix,9.2,1776
tt6955526,tt4786824,2,4,The Crown,Beryl,2017,\N,Netflix,8.7,1662
tt6955528,tt4786824,2,7,The Crown,Matrimonium,2017,\N,Netflix,8.2,1354
tt6955530,tt4786824,2,10,The Crown,Mystery Man,2017,\N,Netflix,8.6,1251
tt6977316,tt4786824,2,3,The Crown,Lisbon,2017,\N,Netflix,8.5,1387
tt1247976,tt0098825,1,1,House of Cards,Episode #1.1,1990,\N,Netflix,8.4,331
tt2161930,tt1856010,1,1,House of Cards,Chapter 1,2013,\N,Netflix,8.7,6479
tt1256913,tt0098825,1,2,House of Cards,Episode #1.2,1990,\N,Netflix,8.5,289
tt2250466,tt1856010,1,2,House of Cards,Chapter 2,2013,\N,Netflix,8.7,5163
tt1273413,tt0098825,1,3,House of Cards,Episode #1.3,1990,\N,Netflix,8.5,265
tt2248444,tt1856010,1,3,House of Cards,Chapter 3,2013,\N,Netflix,8.4,4580
tt1273414,tt0098825,1,4,House of Cards,Episode #1.4,1990,\N,Netflix,8.9,270
tt2248422,tt1856010,1,4,House of Cards,Chapter 4,2013,\N,Netflix,8.3,4311
tt2248426,tt1856010,1,9,House of Cards,Chapter 9,2013,\N,Netflix,8.6,3868
tt2294870,tt1856010,1,5,House of Cards,Chapter 5,2013,\N,Netflix,8.5,4209
tt2311910,tt1856010,1,6,House of Cards,Chapter 6,2013,\N,Netflix,8.6,4206
tt2311926,tt1856010,1,7,House of Cards,Chapter 7,2013,\N,Netflix,8.2,3966
tt2312714,tt1856010,1,8,House of Cards,Chapter 8,2013,\N,Netflix,7.8,4135
tt2440660,tt1856010,1,11,House of Cards,Chapter 11,2013,\N,Netflix,9.1,4279
tt2468204,tt1856010,1,10,House of Cards,Chapter 10,2013,\N,Netflix,8.8,3911
tt2555986,tt1856010,1,12,House of Cards,Chapter 12,2013,\N,Netflix,8.6,3768
tt2555988,tt1856010,1,13,House of Cards,Chapter 13,2013,\N,Netflix,8.9,4127
tt2811510,tt1856010,2,1,House of Cards,Chapter 14,2014,\N,Netflix,9.6,7642
tt2990016,tt1856010,2,3,House of Cards,Chapter 16,2014,\N,Netflix,8.6,3560
tt3001906,tt1856010,2,4,House of Cards,Chapter 17,2014,\N,Netflix,9.1,3996
tt3001926,tt1856010,2,5,House of Cards,Chapter 18,2014,\N,Netflix,8.4,3375
tt3147682,tt1856010,2,7,House of Cards,Chapter 20,2014,\N,Netflix,8.5,3265
tt3147690,tt1856010,2,8,House of Cards,Chapter 21,2014,\N,Netflix,8.7,3258
tt3186026,tt1856010,2,9,House of Cards,Chapter 22,2014,\N,Netflix,9.0,3489
tt3221190,tt1856010,2,2,House of Cards,Chapter 15,2014,\N,Netflix,8.5,3692
tt3221232,tt1856010,2,6,House of Cards,Chapter 19,2014,\N,Netflix,8.4,3276
tt3221270,tt1856010,2,10,House of Cards,Chapter 23,2014,\N,Netflix,8.4,3208
tt3297502,tt1856010,2,11,House of Cards,Chapter 24,2014,\N,Netflix,8.8,3497
tt3326204,tt1856010,2,12,House of Cards,Chapter 25,2014,\N,Netflix,9.0,3348
tt3326208,tt1856010,2,13,House of Cards,Chapter 26,2014,\N,Netflix,9.6,5687
tt3513862,tt1856010,3,1,House of Cards,Chapter 27,2015,\N,Netflix,8.2,3748
tt3892086,tt1856010,3,2,House of Cards,Chapter 28,2015,\N,Netflix,8.5,3350
tt3892088,tt1856010,3,3,House of Cards,Chapter 29,2015,\N,Netflix,8.7,3557
tt3892094,tt1856010,3,4,House of Cards,Chapter 30,2015,\N,Netflix,8.4,3151
tt3897442,tt1856010,3,5,House of Cards,Chapter 31,2015,\N,Netflix,8.3,3030
tt3897454,tt1856010,3,6,House of Cards,Chapter 32,2015,\N,Netflix,9.2,4326
tt3918768,tt1856010,3,7,House of Cards,Chapter 33,2015,\N,Netflix,8.3,3072
tt4035250,tt1856010,3,9,House of Cards,Chapter 35,2015,\N,Netflix,8.5,2915
tt4083028,tt1856010,3,8,House of Cards,Chapter 34,2015,\N,Netflix,8.3,2930
tt4128566,tt1856010,3,10,House of Cards,Chapter 36,2015,\N,Netflix,8.3,2888
tt4128572,tt1856010,3,11,House of Cards,Chapter 37,2015,\N,Netflix,9.1,3374
tt4128574,tt1856010,3,12,House of Cards,Chapter 38,2015,\N,Netflix,8.9,3052
tt4221826,tt1856010,3,13,House of Cards,Chapter 39,2015,\N,Netflix,9.0,3910
tt4498368,tt1856010,4,1,House of Cards,Chapter 40,2016,\N,Netflix,8.1,3290
tt4817660,tt1856010,4,2,House of Cards,Chapter 41,2016,\N,Netflix,8.3,2916
tt4817664,tt1856010,4,3,House of Cards,Chapter 42,2016,\N,Netflix,9.0,3049
tt4817670,tt1856010,4,4,House of Cards,Chapter 43,2016,\N,Netflix,9.4,3714
tt4949018,tt1856010,4,5,House of Cards,Chapter 44,2016,\N,Netflix,8.6,2738
tt4949028,tt1856010,4,6,House of Cards,Chapter 45,2016,\N,Netflix,8.7,2826
tt5025272,tt1856010,4,7,House of Cards,Chapter 46,2016,\N,Netflix,8.6,2677
tt5083704,tt1856010,4,9,House of Cards,Chapter 48,2016,\N,Netflix,8.9,2706
tt5095720,tt1856010,4,8,House of Cards,Chapter 47,2016,\N,Netflix,8.3,2565
tt5095730,tt1856010,4,10,House of Cards,Chapter 49,2016,\N,Netflix,9.4,3561
tt5095732,tt1856010,4,11,House of Cards,Chapter 50,2016,\N,Netflix,8.5,2609
tt5095742,tt1856010,4,12,House of Cards,Chapter 51,2016,\N,Netflix,8.9,2726
tt5095748,tt1856010,4,13,House of Cards,Chapter 52,2016,\N,Netflix,9.5,5282
tt5419058,tt1856010,5,1,House of Cards,Chapter 53,2017,\N,Netflix,8.4,2763
tt5965956,tt1856010,5,2,House of Cards,Chapter 54,2017,\N,Netflix,8.2,2320
tt6010608,tt1856010,5,3,House of Cards,Chapter 55,2017,\N,Netflix,8.2,2214
tt6059620,tt1856010,5,4,House of Cards,Chapter 56,2017,\N,Netflix,8.7,2298
tt6110792,tt1856010,5,5,House of Cards,Chapter 57,2017,\N,Netflix,8.1,2108
tt6411836,tt1856010,5,6,House of Cards,Chapter 58,2017,\N,Netflix,8.0,2031
tt6411838,tt1856010,5,8,House of Cards,Chapter 60,2017,\N,Netflix,8.2,1993
tt6411842,tt1856010,5,9,House of Cards,Chapter 61,2017,\N,Netflix,8.1,1970
tt6411844,tt1856010,5,7,House of Cards,Chapter 59,2017,\N,Netflix,8.5,2050
tt6411846,tt1856010,5,10,House of Cards,Chapter 62,2017,\N,Netflix,8.5,1968
tt6411854,tt1856010,5,11,House of Cards,Chapter 63,2017,\N,Netflix,8.5,1968
tt6411858,tt1856010,5,12,House of Cards,Chapter 64,2017,\N,Netflix,9.2,2606
tt6411862,tt1856010,5,13,House of Cards,Chapter 65,2017,\N,Netflix,8.6,2603
tt7538918,tt1856010,6,1,House of Cards,Chapter 66,2018,\N,Netflix,4.6,3733
tt7576192,tt1856010,6,2,House of Cards,Chapter 67,2018,\N,Netflix,4.5,2956
tt7576194,tt1856010,6,3,House of Cards,Chapter 68,2018,\N,Netflix,4.4,2723
tt7576196,tt1856010,6,4,House of Cards,Chapter 69,2018,\N,Netflix,4.5,2600
tt7576198,tt1856010,6,5,House of Cards,Chapter 70,2018,\N,Netflix,4.7,2643
tt7576200,tt1856010,6,6,House of Cards,Chapter 71,2018,\N,Netflix,4.4,2528
tt7576206,tt1856010,6,7,House of Cards,Chapter 72,2018,\N,Netflix,4.1,2506
tt7576210,tt1856010,6,8,House of Cards,Chapter 73,2018,\N,Netflix,2.8,3979
tt3330796,tt3322312,1,1,Daredevil,Into the Ring,2015,\N,Netflix,8.6,9154
tt3915096,tt3322312,1,2,Daredevil,Cut Man,2015,\N,Netflix,9.0,8601
tt4000782,tt3322312,1,3,Daredevil,Rabbit in a Snowstorm,2015,\N,Netflix,8.5,7243
tt4061068,tt3322312,1,4,Daredevil,In the Blood,2015,\N,Netflix,8.8,7030
tt4061074,tt3322312,1,5,Daredevil,World on Fire,2015,\N,Netflix,8.9,6741
tt4065594,tt3322312,1,6,Daredevil,Condemned,2015,\N,Netflix,9.1,6873
tt4125416,tt3322312,1,7,Daredevil,Stick,2015,\N,Netflix,8.8,6684
tt4125418,tt3322312,1,8,Daredevil,Shadows in the Glass,2015,\N,Netflix,9.0,6647
tt4125420,tt3322312,1,9,Daredevil,Speak of the Devil,2015,\N,Netflix,9.2,6909
tt4125422,tt3322312,1,10,Daredevil,Nelson v. Murdock,2015,\N,Netflix,8.6,6346
tt4125424,tt3322312,1,12,Daredevil,The Ones We Leave Behind,2015,\N,Netflix,8.8,6176
tt4125426,tt3322312,1,11,Daredevil,The Path of the Righteous,2015,\N,Netflix,8.9,6259
tt4125428,tt3322312,1,13,Daredevil,Daredevil,2015,\N,Netflix,9.4,8376
tt4625048,tt3322312,2,1,Daredevil,Bang,2016,\N,Netflix,9.0,6965
tt4817432,tt3322312,2,2,Daredevil,Dogs to a Gunfight,2016,\N,Netflix,8.8,6034
tt4935616,tt3322312,2,3,Daredevil,New York's Finest,2016,\N,Netflix,9.5,7779
tt4947664,tt3322312,2,4,Daredevil,Penny and Dime,2016,\N,Netflix,9.5,7350
tt4950308,tt3322312,2,5,Daredevil,Kinbaku,2016,\N,Netflix,8.5,5457
tt4950310,tt3322312,2,7,Daredevil,Semper Fidelis,2016,\N,Netflix,8.7,5077
tt4950312,tt3322312,2,6,Daredevil,Regrets Only,2016,\N,Netflix,8.7,5167
tt4950314,tt3322312,2,9,Daredevil,Seven Minutes in Heaven,2016,\N,Netflix,9.5,6402
tt4950318,tt3322312,2,10,Daredevil,The Man in the Box,2016,\N,Netflix,9.1,5206
tt4950320,tt3322312,2,12,Daredevil,The Dark at the End of the Tunnel,2016,\N,Netflix,9.1,5149
tt4950322,tt3322312,2,11,Daredevil,.380,2016,\N,Netflix,8.9,4984
tt4950324,tt3322312,2,13,Daredevil,A Cold Day in Hell's Kitchen,2016,\N,Netflix,9.3,6527
tt4950326,tt3322312,2,8,Daredevil,Guilty as Sin,2016,\N,Netflix,9.1,5367
tt5902120,tt3322312,3,1,Daredevil,Resurrection,2018,\N,Netflix,8.6,3822
tt6741926,tt3322312,3,2,Daredevil,Please,2018,\N,Netflix,8.8,3440
tt6741928,tt3322312,3,3,Daredevil,No Good Deed,2018,\N,Netflix,8.8,3284
tt6741930,tt3322312,3,4,Daredevil,Blindsided,2018,\N,Netflix,9.6,4839
tt6741932,tt3322312,3,5,Daredevil,The Perfect Game,2018,\N,Netflix,9.1,3270
tt6741934,tt3322312,3,6,Daredevil,The Devil You Know,2018,\N,Netflix,9.6,4170
tt6741936,tt3322312,3,7,Daredevil,Aftermath,2018,\N,Netflix,9.0,3017
tt6741938,tt3322312,3,8,Daredevil,Upstairs/Downstairs,2018,\N,Netflix,9.2,3127
tt6741940,tt3322312,3,9,Daredevil,Revelations,2018,\N,Netflix,9.3,3137
tt6741942,tt3322312,3,10,Daredevil,Karen,2018,\N,Netflix,8.9,3393
tt6741944,tt3322312,3,11,Daredevil,Reunion,2018,\N,Netflix,9.3,2990
tt6741946,tt3322312,3,12,Daredevil,One Last Shot,2018,\N,Netflix,9.4,3098
tt6741948,tt3322312,3,13,Daredevil,A New Napkin,2018,\N,Netflix,9.6,4122
tt3591824,tt2707408,1,1,Narcos,Descenso,2015,\N,Netflix,8.9,6071
tt3736866,tt2707408,1,3,Narcos,The Men of Always,2015,\N,Netflix,8.6,4020
tt3736868,tt2707408,1,2,Narcos,The Sword of Simón Bolivar,2015,\N,Netflix,8.5,4408
tt3736870,tt2707408,1,4,Narcos,The Palace in Flames,2015,\N,Netflix,8.7,3982
tt3736872,tt2707408,1,6,Narcos,Explosivos,2015,\N,Netflix,9.0,4097
tt3736874,tt2707408,1,5,Narcos,There Will Be a Future,2015,\N,Netflix,8.4,3638
tt3736876,tt2707408,1,7,Narcos,You Will Cry Tears of Blood,2015,\N,Netflix,8.6,3506
tt3736878,tt2707408,1,8,Narcos,La Gran Mentira,2015,\N,Netflix,8.9,3785
tt3736880,tt2707408,1,10,Narcos,Despegue,2015,\N,Netflix,8.8,3791
tt3736882,tt2707408,1,9,Narcos,La Catedral,2015,\N,Netflix,8.7,3441
tt5011946,tt2707408,2,1,Narcos,Free at Last,2016,\N,Netflix,8.5,3202
tt5714376,tt2707408,2,2,Narcos,Cambalache,2016,\N,Netflix,8.6,3009
tt5714386,tt2707408,2,3,Narcos,Our Man in Madrid,2016,\N,Netflix,8.7,2879
tt5714396,tt2707408,2,4,Narcos,"The Good, the Bad, and the Dead",2016,\N,Netflix,9.3,3873
tt5714398,tt2707408,2,5,Narcos,The Enemies of My Enemy,2016,\N,Netflix,8.6,2716
tt5714400,tt2707408,2,6,Narcos,Los Pepes,2016,\N,Netflix,9.1,3310
tt5714402,tt2707408,2,7,Narcos,Deutschland 93,2016,\N,Netflix,8.7,2824
tt5714404,tt2707408,2,8,Narcos,Exit El Patrón,2016,\N,Netflix,8.7,2800
tt5714406,tt2707408,2,9,Narcos,Nuestra Finca,2016,\N,Netflix,8.6,2752
tt5714408,tt2707408,2,10,Narcos,Al Fin Cayó!,2016,\N,Netflix,9.4,4683
tt6038952,tt2707408,3,1,Narcos,The Kingpin Strategy,2017,\N,Netflix,8.0,2786
tt6038958,tt2707408,3,2,Narcos,The Cali KGB,2017,\N,Netflix,8.1,2236
tt6038962,tt2707408,3,3,Narcos,Follow the Money,2017,\N,Netflix,8.1,2189
tt6038964,tt2707408,3,4,Narcos,Checkmate,2017,\N,Netflix,9.0,2368
tt6038966,tt2707408,3,5,Narcos,MRO,2017,\N,Netflix,8.5,2119
tt6038968,tt2707408,3,6,Narcos,Best Laid Plans,2017,\N,Netflix,8.8,2199
tt6038970,tt2707408,3,7,Narcos,Sin Salida,2017,\N,Netflix,9.0,2225
tt6038972,tt2707408,3,8,Narcos,Convivir,2017,\N,Netflix,8.7,2127
tt6038974,tt2707408,3,9,Narcos,Todos Los Hombres del Presidente,2017,\N,Netflix,9.3,2688
tt6038976,tt2707408,3,10,Narcos,Going Back to Cali,2017,\N,Netflix,9.2,2558
tt2089049,tt2085059,1,2,Black Mirror,Fifteen Million Merits,2011,\N,Netflix,8.2,33030
tt2089050,tt2085059,1,3,Black Mirror,The Entire History of You,2011,\N,Netflix,8.6,32971
tt2089051,tt2085059,1,1,Black Mirror,The National Anthem,2011,\N,Netflix,7.9,32915
tt2290780,tt2085059,2,1,Black Mirror,Be Right Back,2013,\N,Netflix,8.1,27602
tt2386296,tt2085059,2,3,Black Mirror,The Waldo Moment,2013,\N,Netflix,6.8,22960
tt2542420,tt2085059,2,2,Black Mirror,White Bear,2013,\N,Netflix,8.1,27420
tt3973198,tt2085059,2,4,Black Mirror,White Christmas,2014,\N,Netflix,9.2,33728
tt4538072,tt2085059,3,4,Black Mirror,San Junipero,2016,\N,Netflix,8.7,35987
tt5058700,tt2085059,4,6,Black Mirror,Black Museum,2017,\N,Netflix,8.7,22624
tt5497778,tt2085059,3,1,Black Mirror,Nosedive,2016,\N,Netflix,8.3,33480
tt5709230,tt2085059,3,3,Black Mirror,Shut Up and Dance,2016,\N,Netflix,8.5,28443
tt5709234,tt2085059,3,5,Black Mirror,Men Against Fire,2016,\N,Netflix,7.7,21456
tt5709236,tt2085059,3,6,Black Mirror,Hated in the Nation,2016,\N,Netflix,8.6,24251
tt5709242,tt2085059,3,2,Black Mirror,Playtest,2016,\N,Netflix,8.1,28241
tt5709250,tt2085059,4,2,Black Mirror,Arkangel,2017,\N,Netflix,7.3,25235
tt5710974,tt2085059,4,1,Black Mirror,USS Callister,2017,\N,Netflix,8.3,31983
tt5710976,tt2085059,4,3,Black Mirror,Crocodile,2017,\N,Netflix,7.3,23294
tt5710978,tt2085059,4,4,Black Mirror,Hang the DJ,2017,\N,Netflix,8.8,30759
tt5710984,tt2085059,4,5,Black Mirror,Metalhead,2017,\N,Netflix,6.7,21173
