tconst,parentTconst,Season Number,Episode Number,TV-show,Episode Title,Season start year,endYear,channel,IMDB Rating,Number of votes,episodeID
tt3216414,tt3749900,1,1,Gotham,Pilot,2014,\N,Fox,8.1,8918,1
tt3975220,tt3749900,1,4,Gotham,Arkham,2014,\N,Fox,8.2,3903,4
tt3993356,tt3749900,1,3,Gotham,The Balloonman,2014,\N,Fox,7.9,4168,3
tt3993362,tt3749900,1,5,Gotham,Viper,2014,\N,Fox,8.0,3591,5
tt3993368,tt3749900,1,6,Gotham,Spirit of the Goat,2014,\N,Fox,8.4,3731,6
tt4017996,tt3749900,1,2,Gotham,Selina Kyle,2014,\N,Fox,8.1,4822,2
tt4033254,tt3749900,1,7,Gotham,Penguin's Umbrella,2014,\N,Fox,9.1,4860,7
tt4049582,tt3749900,1,8,Gotham,The Mask,2014,\N,Fox,8.1,3225,8
tt4069154,tt3749900,1,9,Gotham,Harvey Dent,2014,\N,Fox,7.9,3132,9
tt4120502,tt3749900,1,10,Gotham,Lovecraft,2014,\N,Fox,8.5,3254,10
tt4120506,tt3749900,1,11,Gotham,Rogues' Gallery,2015,\N,Fox,7.9,2903,11
tt4120512,tt3749900,1,12,Gotham,What the Little Bird Told Him,2015,\N,Fox,8.5,2979,12
tt4120516,tt3749900,1,13,Gotham,"Welcome Back, Jim Gordon",2015,\N,Fox,8.0,2713,13
tt4120520,tt3749900,1,14,Gotham,The Fearsome Dr. Crane,2015,\N,Fox,8.2,2677,14
tt4120524,tt3749900,1,15,Gotham,The Scarecrow,2015,\N,Fox,8.1,2744,15
tt4120532,tt3749900,1,16,Gotham,The Blind Fortune Teller,2015,\N,Fox,8.6,3158,16
tt4120538,tt3749900,1,17,Gotham,Red Hood,2015,\N,Fox,8.2,2714,17
tt4120542,tt3749900,1,18,Gotham,Everyone Has a Cobblepot,2015,\N,Fox,8.3,2524,18
tt4120544,tt3749900,1,19,Gotham,Beasts of Prey,2015,\N,Fox,8.3,2493,19
tt4120550,tt3749900,1,20,Gotham,Under the Knife,2015,\N,Fox,8.6,2531,20
tt4120554,tt3749900,1,21,Gotham,The Anvil or the Hammer,2015,\N,Fox,8.8,2599,21
tt4142526,tt3749900,1,22,Gotham,All Happy Families Are Alike,2015,\N,Fox,9.0,3471,22
tt4369190,tt3749900,2,1,Gotham,Rise of the Villains: Damned If You Do...,2015,\N,Fox,8.5,3048,23
tt4371142,tt3749900,2,2,Gotham,"Rise of the Villains: Knock, Knock",2015,\N,Fox,9.1,3442,24
tt4371144,tt3749900,2,3,Gotham,Rise of the Villains: The Last Laugh,2015,\N,Fox,9.1,3325,25
tt4371148,tt3749900,2,4,Gotham,Rise of the Villains: Strike Force,2015,\N,Fox,8.3,2329,26
tt4371152,tt3749900,2,5,Gotham,Rise of the Villains: Scarification,2015,\N,Fox,8.3,2209,27
tt4371154,tt3749900,2,6,Gotham,Rise of the Villains: By Fire,2015,\N,Fox,8.5,2289,28
tt4371156,tt3749900,2,7,Gotham,Rise of the Villains: Mommy's Little Monster,2015,\N,Fox,9.0,2749,29
tt4371158,tt3749900,2,9,Gotham,Rise of the Villains: A Bitter Pill to Swallow,2015,\N,Fox,8.6,2228,31
tt4371164,tt3749900,2,10,Gotham,Rise of the Villains: The Son of Gotham,2015,\N,Fox,9.1,2655,32
tt4371166,tt3749900,2,8,Gotham,Rise of the Villains: Tonight's the Night,2015,\N,Fox,8.6,2327,30
tt4371170,tt3749900,2,11,Gotham,Rise of the Villains: Worse Than a Crime,2015,\N,Fox,9.1,2766,33
tt4371172,tt3749900,2,12,Gotham,Wrath of the Villains: Mr. Freeze,2016,\N,Fox,8.4,1995,34
tt4371174,tt3749900,2,13,Gotham,Wrath of the Villains: A Dead Man Feels No Cold,2016,\N,Fox,8.4,1894,35
tt4371250,tt3749900,2,16,Gotham,Wrath of the Villains: Prisoners,2016,\N,Fox,8.5,1938,38
tt4371252,tt3749900,2,15,Gotham,Wrath of the Villains: Mad Grey Dawn,2016,\N,Fox,8.7,1991,37
tt4371254,tt3749900,2,14,Gotham,Wrath of the Villains: This Ball of Mud and Meanness,2016,\N,Fox,8.6,1947,36
tt4371256,tt3749900,2,17,Gotham,Wrath of the Villains: Into the Woods,2016,\N,Fox,9.2,2397,39
tt4371258,tt3749900,2,18,Gotham,Wrath of the Villains: Pinewood,2016,\N,Fox,8.5,1869,40
tt4371262,tt3749900,2,19,Gotham,Wrath of the Villains: Azrael,2016,\N,Fox,8.7,1966,41
tt4371264,tt3749900,2,20,Gotham,Wrath of the Villains: Unleashed,2016,\N,Fox,8.8,2025,42
tt4371270,tt3749900,2,21,Gotham,Wrath of the Villains: A Legion of Horribles,2016,\N,Fox,8.4,1771,43
tt4371272,tt3749900,2,22,Gotham,Wrath of the Villains: Transference,2016,\N,Fox,8.3,1887,44
tt5559092,tt3749900,3,1,Gotham,Mad City: Better to Reign in Hell,2016,\N,Fox,8.1,1878,45
tt5584118,tt3749900,3,22,Gotham,Heroes Rise: Heavydirtysoul,2017,\N,Fox,9.2,1918,66
tt5668328,tt3749900,3,2,Gotham,Mad City: Burn the Witch,2016,\N,Fox,8.1,1682,46
tt5668330,tt3749900,3,3,Gotham,Mad City: Look Into My Eyes,2016,\N,Fox,8.2,1606,47
tt5668332,tt3749900,3,4,Gotham,Mad City: New Day Rising,2016,\N,Fox,8.2,1551,48
tt5668354,tt3749900,3,5,Gotham,Mad City: Anything for You,2016,\N,Fox,8.5,1591,49
tt5668356,tt3749900,3,6,Gotham,Mad City: Follow the White Rabbit,2016,\N,Fox,8.2,1577,50
tt5668360,tt3749900,3,7,Gotham,Mad City: Red Queen,2016,\N,Fox,8.1,1487,51
tt5668364,tt3749900,3,8,Gotham,Mad City: Blood Rush,2016,\N,Fox,8.2,1411,52
tt5668366,tt3749900,3,9,Gotham,Mad City: The Executioner,2016,\N,Fox,8.2,1401,53
tt5668370,tt3749900,3,10,Gotham,Mad City: Time Bomb,2016,\N,Fox,8.2,1412,54
tt5668374,tt3749900,3,11,Gotham,Mad City: Beware the Green-Eyed Monster,2016,\N,Fox,8.8,1666,55
tt5668376,tt3749900,3,12,Gotham,Mad City: Ghosts,2017,\N,Fox,8.2,1442,56
tt5668380,tt3749900,3,13,Gotham,Mad City: Smile Like You Mean It,2017,\N,Fox,8.9,1865,57
tt5668382,tt3749900,3,14,Gotham,Mad City: The Gentle Art of Making Enemies,2017,\N,Fox,9.2,2332,58
tt5668386,tt3749900,3,15,Gotham,Heroes Rise: How the Riddler Got His Name,2017,\N,Fox,8.3,1384,59
tt5668388,tt3749900,3,16,Gotham,Heroes Rise: These Delicate and Dark Obsessions,2017,\N,Fox,8.3,1335,60
tt5668394,tt3749900,3,18,Gotham,Heroes Rise: Light the Wick,2017,\N,Fox,8.1,1217,62
tt5668396,tt3749900,3,17,Gotham,Heroes Rise: The Primal Riddle,2017,\N,Fox,8.5,1300,61
tt5668400,tt3749900,3,19,Gotham,Heroes Rise: All Will Be Judged,2017,\N,Fox,8.3,1245,63
tt5668404,tt3749900,3,20,Gotham,Heroes Rise: Pretty Hate Machine,2017,\N,Fox,8.6,1364,64
tt5668408,tt3749900,3,21,Gotham,Heroes Rise: Destiny Calling,2017,\N,Fox,8.7,1421,65
tt6877458,tt3749900,4,1,Gotham,A Dark Knight: Pax Penguina,2017,\N,Fox,8.6,1601,67
tt6887728,tt3749900,4,2,Gotham,A Dark Knight: The Fear Reaper,2017,\N,Fox,8.3,1319,68
tt7239334,tt3749900,4,5,Gotham,A Dark Knight: The Blade's Path,2017,\N,Fox,8.4,1144,71
tt7243214,tt3749900,4,6,Gotham,A Dark Knight: Hog Day Afternoon,2017,\N,Fox,8.2,1101,72
tt7246560,tt3749900,4,8,Gotham,A Dark Knight: Stop Hitting Yourself,2017,\N,Fox,8.5,1093,74
tt7253082,tt3749900,4,4,Gotham,A Dark Knight: The Demon's Head,2017,\N,Fox,8.4,1198,70
tt7272202,tt3749900,4,3,Gotham,A Dark Knight: They Who Hide Behind Masks,2017,\N,Fox,8.4,1253,69
tt7301528,tt3749900,4,7,Gotham,A Dark Knight: A Day in the Narrows,2017,\N,Fox,8.5,1151,73
tt7312228,tt3749900,4,10,Gotham,A Dark Knight: Things That Go Boom,2017,\N,Fox,8.7,1096,76
tt7312234,tt3749900,4,11,Gotham,A Dark Knight: Queen Takes Knight,2017,\N,Fox,9.0,1326,77
tt7466900,tt3749900,4,9,Gotham,A Dark Knight: Let Them Eat Pie,2017,\N,Fox,8.7,1189,75
tt7630632,tt3749900,4,12,Gotham,A Dark Knight: Pieces of a Broken Mirror,2018,\N,Fox,8.2,1041,78
tt7641314,tt3749900,4,13,Gotham,A Dark Knight: A Beautiful Darkness,2018,\N,Fox,8.5,1034,79
tt7641316,tt3749900,4,14,Gotham,A Dark Knight: Reunion,2018,\N,Fox,8.5,981,80
tt7679128,tt3749900,4,15,Gotham,A Dark Knight: The Sinking Ship the Grand Applause,2018,\N,Fox,9.0,1163,81
tt7679130,tt3749900,4,16,Gotham,A Dark Knight: One of My Three Soups,2018,\N,Fox,8.6,1106,82
tt7820276,tt3749900,4,17,Gotham,A Dark Knight: Mandatory Brunch Meeting,2018,\N,Fox,8.7,1094,83
tt7969220,tt3749900,4,18,Gotham,A Dark Knight: That's Entertainment,2018,\N,Fox,9.0,1200,84
tt8008282,tt3749900,4,20,Gotham,A Dark Knight: That Old Corpse,2018,\N,Fox,8.8,1117,86
tt8010866,tt3749900,4,19,Gotham,A Dark Knight: To Our Deaths and Beyond,2018,\N,Fox,8.3,976,85
tt8097136,tt3749900,4,22,Gotham,A Dark Knight: No Man's Land,2018,\N,Fox,9.3,1451,88
tt8189210,tt3749900,4,21,Gotham,A Dark Knight: One Bad Day,2018,\N,Fox,9.1,1260,87
tt0678475,tt0455275,1,2,Prison Break,Allen,2005,\N,Fox,8.7,3139,2
tt0678476,tt0455275,1,11,Prison Break,And Then There Were 7,2005,\N,Fox,8.7,2529,11
tt0678477,tt0455275,1,3,Prison Break,Cell Test,2005,\N,Fox,8.6,2895,3
tt0678478,tt0455275,1,4,Prison Break,Cute Poison,2005,\N,Fox,8.8,2828,4
tt0678479,tt0455275,1,13,Prison Break,End of the Tunnel,2005,\N,Fox,9.1,2715,13
tt0678480,tt0455275,1,5,Prison Break,"English, Fitz or Percy",2005,\N,Fox,9.0,2878,5
tt0678481,tt0455275,1,12,Prison Break,Odd Man Out,2005,\N,Fox,8.8,2498,12
tt0678482,tt0455275,1,7,Prison Break,"Riots, Drills and the Devil: Part 2",2005,\N,Fox,9.2,3076,7
tt0678483,tt0455275,1,1,Prison Break,Pilot,2005,\N,Fox,8.9,4671,1
tt0678484,tt0455275,1,6,Prison Break,"Riots, Drills and the Devil: Part 1",2005,\N,Fox,9.3,3433,6
tt0678485,tt0455275,1,10,Prison Break,Sleight of Hand,2005,\N,Fox,8.7,2516,10
tt0678486,tt0455275,1,8,Prison Break,The Old Head,2005,\N,Fox,8.8,2599,8
tt0678487,tt0455275,1,9,Prison Break,Tweener,2005,\N,Fox,8.6,2553,9
tt0761208,tt0455275,1,16,Prison Break,Brother's Keeper,2006,\N,Fox,8.7,2624,16
tt0761209,tt0455275,1,15,Prison Break,By the Skin and the Teeth,2006,\N,Fox,8.6,2442,15
tt0761210,tt0455275,1,19,Prison Break,The Key,2006,\N,Fox,8.9,2552,19
tt0761211,tt0455275,1,14,Prison Break,The Rat,2006,\N,Fox,9.0,2620,14
tt0761212,tt0455275,1,20,Prison Break,Tonight,2006,\N,Fox,9.2,2808,20
tt0769383,tt0455275,1,21,Prison Break,Go,2006,\N,Fox,9.5,3926,21
tt0782518,tt0455275,1,17,Prison Break,J-Cat,2006,\N,Fox,8.7,2466,17
tt0789620,tt0455275,1,18,Prison Break,Bluff,2006,\N,Fox,8.8,2487,18
tt0799332,tt0455275,1,22,Prison Break,Flight,2006,\N,Fox,9.4,3629,22
tt0839360,tt0455275,2,1,Prison Break,Manhunt,2006,\N,Fox,8.9,2890,23
tt0843217,tt0455275,2,2,Prison Break,Otis,2006,\N,Fox,8.5,2307,24
tt0845343,tt0455275,2,4,Prison Break,First Down,2006,\N,Fox,8.7,2324,26
tt0847409,tt0455275,2,5,Prison Break,Map 1213,2006,\N,Fox,8.5,2179,27
tt0847410,tt0455275,2,3,Prison Break,Scan,2006,\N,Fox,8.6,2260,25
tt0861280,tt0455275,2,8,Prison Break,Dead Fall,2006,\N,Fox,8.5,2151,30
tt0865197,tt0455275,2,6,Prison Break,Subdivision,2006,\N,Fox,8.5,2144,28
tt0866270,tt0455275,2,7,Prison Break,Buried,2006,\N,Fox,8.7,2212,29
tt0866271,tt0455275,2,9,Prison Break,Unearthed,2006,\N,Fox,8.6,2109,31
tt0876831,tt0455275,2,10,Prison Break,Rendezvous,2006,\N,Fox,8.6,2125,32
tt0882544,tt0455275,2,11,Prison Break,Bolshoi Booze,2006,\N,Fox,8.6,2119,33
tt0882545,tt0455275,2,12,Prison Break,Disconnect,2006,\N,Fox,8.6,2089,34
tt0900686,tt0455275,2,13,Prison Break,The Killing Box,2006,\N,Fox,9.0,2339,35
tt0909711,tt0455275,2,14,Prison Break,John Doe,2007,\N,Fox,8.8,2200,36
tt0921562,tt0455275,2,16,Prison Break,Chicago,2007,\N,Fox,8.6,2197,38
tt0922226,tt0455275,2,15,Prison Break,The Message,2007,\N,Fox,8.6,2102,37
tt0928317,tt0455275,2,19,Prison Break,Sweet Caroline,2007,\N,Fox,9.0,2320,41
tt0934263,tt0455275,2,17,Prison Break,Bad Blood,2007,\N,Fox,8.7,2146,39
tt0959184,tt0455275,2,18,Prison Break,Wash,2007,\N,Fox,8.8,2166,40
tt0963626,tt0455275,2,20,Prison Break,Panama,2007,\N,Fox,8.5,2147,42
tt0972484,tt0455275,2,21,Prison Break,Fin del camino,2007,\N,Fox,8.8,2235,43
tt0974324,tt0455275,2,22,Prison Break,Sona,2007,\N,Fox,8.8,2634,44
tt0994491,tt0455275,3,1,Prison Break,Orientación,2007,\N,Fox,8.7,3178,45
tt0994492,tt0455275,3,10,Prison Break,Dirt Nap,2008,\N,Fox,8.4,1982,54
tt0994493,tt0455275,3,11,Prison Break,Under & Out,2008,\N,Fox,8.5,1983,55
tt0994494,tt0455275,3,12,Prison Break,Hell or High Water,2008,\N,Fox,8.8,2161,56
tt0994495,tt0455275,3,13,Prison Break,The Art of the Deal,2008,\N,Fox,8.9,2492,57
tt0994496,tt0455275,4,1,Prison Break,Scylla,2008,\N,Fox,8.2,2776,58
tt0994498,tt0455275,4,3,Prison Break,Shut Down,2008,\N,Fox,8.1,2009,60
tt0994499,tt0455275,4,4,Prison Break,Eagles and Angels,2008,\N,Fox,8.2,1961,61
tt0994500,tt0455275,4,5,Prison Break,Safe and Sound,2008,\N,Fox,8.3,1932,62
tt0994501,tt0455275,4,6,Prison Break,Blow Out,2008,\N,Fox,8.3,1908,63
tt0994502,tt0455275,3,2,Prison Break,Fire/Water,2007,\N,Fox,8.3,2195,46
tt0994503,tt0455275,4,7,Prison Break,Five the Hard Way,2008,\N,Fox,8.3,1889,64
tt0994504,tt0455275,4,8,Prison Break,The Price,2008,\N,Fox,8.4,1883,65
tt0994505,tt0455275,4,9,Prison Break,Greatness Achieved,2008,\N,Fox,8.8,2134,66
tt0994506,tt0455275,3,3,Prison Break,Call Waiting,2007,\N,Fox,8.2,2080,47
tt0994507,tt0455275,3,4,Prison Break,Good Fences,2007,\N,Fox,8.2,2027,48
tt0994508,tt0455275,3,5,Prison Break,Interference,2007,\N,Fox,8.2,1996,49
tt0994509,tt0455275,3,6,Prison Break,Photo Finish,2007,\N,Fox,8.4,2014,50
tt0994510,tt0455275,3,7,Prison Break,Vamonos,2007,\N,Fox,8.4,1997,51
tt0994511,tt0455275,3,8,Prison Break,Bang and Burn,2007,\N,Fox,8.5,1999,52
tt0994512,tt0455275,3,9,Prison Break,Boxed In,2008,\N,Fox,8.1,1987,53
tt1224477,tt0455275,4,10,Prison Break,The Legend,2008,\N,Fox,8.2,1865,67
tt1224478,tt0455275,4,11,Prison Break,Quiet Riot,2008,\N,Fox,8.6,1951,68
tt1224479,tt0455275,4,15,Prison Break,Going Under,2008,\N,Fox,8.1,1809,72
tt1224480,tt0455275,4,16,Prison Break,The Sunshine State,2008,\N,Fox,8.0,1907,73
tt1224481,tt0455275,4,14,Prison Break,Just Business,2008,\N,Fox,8.2,1847,71
tt1224482,tt0455275,4,13,Prison Break,Deal or No Deal,2008,\N,Fox,8.4,1873,70
tt1224483,tt0455275,4,12,Prison Break,Selfless,2008,\N,Fox,9.0,2401,69
tt1349174,tt0455275,4,18,Prison Break,VS.,2009,\N,Fox,7.8,1818,75
tt1349175,tt0455275,4,17,Prison Break,The Mother Lode,2009,\N,Fox,7.9,1917,74
tt1361190,tt0455275,4,19,Prison Break,S.O.B.,2009,\N,Fox,7.9,1774,76
tt1368328,tt0455275,4,20,Prison Break,Cowboys and Indians,2009,\N,Fox,8.3,1814,77
tt1394850,tt0455275,4,22,Prison Break,Killing Your Number,2009,\N,Fox,9.0,2695,79
tt1395529,tt0455275,4,21,Prison Break,Rates of Exchange,2009,\N,Fox,8.5,1849,78
tt1478106,tt0455275,4,24,Prison Break,Free,2009,\N,Fox,8.7,2246,81
tt1478107,tt0455275,4,23,Prison Break,The Old Ball and Chain,2009,\N,Fox,8.1,1736,80
tt5537374,tt0455275,5,1,Prison Break,Ogygia,2017,\N,Fox,8.7,6099,82
tt5538198,tt0455275,5,9,Prison Break,Behind the Eyes,2017,\N,Fox,8.6,2917,90
tt5562080,tt0455275,5,2,Prison Break,Kaniel Outis,2017,\N,Fox,8.5,4081,83
tt5562088,tt0455275,5,3,Prison Break,The Liar,2017,\N,Fox,8.3,3335,84
tt5564478,tt0455275,5,4,Prison Break,The Prisoner's Dilemma,2017,\N,Fox,8.9,3458,85
tt5577002,tt0455275,5,5,Prison Break,Contingency,2017,\N,Fox,8.1,2660,86
tt5577008,tt0455275,5,6,Prison Break,Phaecia,2017,\N,Fox,7.9,2392,87
tt5577018,tt0455275,5,7,Prison Break,Wine Dark Sea,2017,\N,Fox,8.3,2421,88
tt5577024,tt0455275,5,8,Prison Break,Progeny,2017,\N,Fox,8.9,2803,89
tt6826536,tt0455275,4,2,Prison Break,Breaking and Entering,2008,\N,Fox,8.0,518,59
tt0584423,tt0149460,1,8,Futurama,A Big Piece of Garbage,1999,\N,Fox,8.2,1549,8
tt0584424,tt0149460,2,15,Futurama,A Clone of My Own,2000,\N,Fox,7.7,1258,24
tt0584425,tt0149460,1,6,Futurama,A Fishful of Dollars,1999,\N,Fox,8.4,1655,6
tt0584426,tt0149460,2,1,Futurama,A Flight to Remember,1999,\N,Fox,8.3,1600,10
tt0584427,tt0149460,2,7,Futurama,A Head in the Polls,1999,\N,Fox,7.9,1363,16
tt0584428,tt0149460,4,10,Futurama,A Leela of Her Own,2002,\N,Fox,7.2,1121,54
tt0584429,tt0149460,4,2,Futurama,A Tale of Two Santas,2001,\N,Fox,7.9,1209,46
tt0584430,tt0149460,5,4,Futurama,A Taste of Freedom,2002,\N,Fox,8.1,1105,60
tt0584431,tt0149460,3,5,Futurama,Amazon Women in the Mood,2001,\N,Fox,8.8,1696,34
tt0584432,tt0149460,2,20,Futurama,Anthology of Interest I,2000,\N,Fox,8.6,1450,29
tt0584433,tt0149460,5,13,Futurama,Bend Her,2003,\N,Fox,7.4,1115,69
tt0584434,tt0149460,5,12,Futurama,Spanish Fry,2003,\N,Fox,7.8,1130,68
tt0584435,tt0149460,3,13,Futurama,Bendin' in the Wind,2001,\N,Fox,7.4,1198,42
tt0584436,tt0149460,3,6,Futurama,Bendless Love,2001,\N,Fox,7.3,1186,35
tt0584437,tt0149460,5,1,Futurama,Crimes of the Hot,2002,\N,Fox,8.0,1110,57
tt0584438,tt0149460,1,5,Futurama,Fear of a Bot Planet,1999,\N,Fox,8.0,1567,5
tt0584439,tt0149460,2,4,Futurama,Fry and the Slurm Factory,1999,\N,Fox,8.4,1613,13
tt0584440,tt0149460,4,9,Futurama,Future Stock,2002,\N,Fox,7.8,1159,53
tt0584441,tt0149460,1,9,Futurama,Hell Is Other Robots,1999,\N,Fox,8.2,1595,9
tt0584442,tt0149460,2,14,Futurama,How Hermes Requisitioned His Groove Back,2000,\N,Fox,8.3,1329,23
tt0584443,tt0149460,3,15,Futurama,I Dated a Robot,2001,\N,Fox,7.8,1216,44
tt0584444,tt0149460,5,2,Futurama,Jurassic Bark,2002,\N,Fox,9.5,3744,58
tt0584445,tt0149460,2,11,Futurama,The Lesser of Two Evils,2000,\N,Fox,7.7,1287,20
tt0584446,tt0149460,4,4,Futurama,Love and Rocket,2002,\N,Fox,7.9,1196,48
tt0584447,tt0149460,2,19,Futurama,Mother's Day,2000,\N,Fox,8.0,1269,28
tt0584448,tt0149460,2,12,Futurama,Raging Bender,2000,\N,Fox,7.8,1276,21
tt0584449,tt0149460,1,1,Futurama,Space Pilot 3000,1999,\N,Fox,8.7,2301,1
tt0584450,tt0149460,5,7,Futurama,Teenage Mutant Leela's Hurdles,2003,\N,Fox,8.3,1181,63
tt0584451,tt0149460,3,8,Futurama,That's Lobstertainment!,2001,\N,Fox,7.3,1204,37
tt0584452,tt0149460,3,9,Futurama,The Birdbot of Ice-Catraz,2001,\N,Fox,7.6,1190,38
tt0584453,tt0149460,3,3,Futurama,The Cryonic Woman,2000,\N,Fox,7.5,1240,32
tt0584454,tt0149460,3,11,Futurama,The Cyber House Rules,2001,\N,Fox,7.8,1192,40
tt0584455,tt0149460,2,16,Futurama,The Deep South,2000,\N,Fox,8.0,1327,25
tt0584456,tt0149460,5,16,Futurama,The Devil's Hands Are Idle Playthings,2003,\N,Fox,9.1,1984,72
tt0584457,tt0149460,2,18,Futurama,The Problem with Popplers,2000,\N,Fox,8.6,1405,27
tt0584458,tt0149460,5,3,Futurama,The Route of All Evil,2002,\N,Fox,7.4,1104,59
tt0584459,tt0149460,5,9,Futurama,The Sting,2003,\N,Fox,9.1,1925,65
tt0584460,tt0149460,5,8,Futurama,The Why of Fry,2003,\N,Fox,8.8,1301,64
tt0584461,tt0149460,5,11,Futurama,Three Hundred Big Boys,2003,\N,Fox,8.3,1184,67
tt0584462,tt0149460,3,14,Futurama,Time Keeps on Slipping,2001,\N,Fox,8.3,1363,43
tt0584463,tt0149460,3,2,Futurama,War Is the H-Word,2000,\N,Fox,8.5,1466,31
tt0584464,tt0149460,4,12,Futurama,Where No Fan Has Gone Before,2002,\N,Fox,8.3,1477,56
tt0584465,tt0149460,2,8,Futurama,Xmas Story,1999,\N,Fox,8.3,1489,17
tt0756878,tt0149460,4,7,Futurama,A Pharaoh to Remember,2002,\N,Fox,7.7,1186,51
tt0756879,tt0149460,4,3,Futurama,Anthology of Interest II,2002,\N,Fox,8.3,1277,47
tt0756880,tt0149460,4,8,Futurama,Godfellas,2002,\N,Fox,8.8,1771,52
tt0756881,tt0149460,2,5,Futurama,I Second That Emotion,1999,\N,Fox,7.8,1384,14
tt0756882,tt0149460,1,3,Futurama,"I, Roommate",1999,\N,Fox,8.3,1764,3
tt0756883,tt0149460,3,12,Futurama,Insane in the Mainframe,2001,\N,Fox,8.3,1281,41
tt0756884,tt0149460,4,5,Futurama,Leela's Homeworld,2002,\N,Fox,8.7,1413,49
tt0756885,tt0149460,1,4,Futurama,Love's Labours Lost in Space,1999,\N,Fox,8.4,1689,4
tt0756886,tt0149460,2,2,Futurama,Mars University,1999,\N,Fox,7.9,1489,11
tt0756887,tt0149460,1,7,Futurama,My Three Suns,1999,\N,Fox,8.1,1548,7
tt0756888,tt0149460,4,1,Futurama,Roswell That Ends Well,2001,\N,Fox,9.1,1749,45
tt0756889,tt0149460,4,11,Futurama,30% Iron Chef,2002,\N,Fox,7.8,1133,55
tt0756890,tt0149460,3,7,Futurama,The Day the Earth Stood Stupid,2001,\N,Fox,8.5,1336,36
tt0756891,tt0149460,1,2,Futurama,The Series Has Landed,1999,\N,Fox,8.2,1787,2
tt0756892,tt0149460,2,3,Futurama,When Aliens Attack,1999,\N,Fox,8.2,1454,12
tt0756893,tt0149460,4,6,Futurama,Where the Buggalo Roam,2002,\N,Fox,7.7,1148,50
tt0757482,tt0149460,5,5,Futurama,Kif Gets Knocked Up a Notch,2003,\N,Fox,7.9,1145,61
tt0757483,tt0149460,5,6,Futurama,Less Than Hero,2003,\N,Fox,7.9,1125,62
tt0757484,tt0149460,5,14,Futurama,Obsoletely Fabulous,2003,\N,Fox,7.8,1109,70
tt0757485,tt0149460,5,10,Futurama,The Farnsworth Parabox,2003,\N,Fox,8.9,1432,66
tt0766129,tt0149460,2,13,Futurama,A Bicyclops Built for Two,2000,\N,Fox,8.2,1352,22
tt0766130,tt0149460,2,17,Futurama,Bender Gets Made,2000,\N,Fox,7.7,1248,26
tt0766131,tt0149460,3,4,Futurama,Parasites Lost,2001,\N,Fox,8.9,1572,33
tt0766796,tt0149460,2,6,Futurama,"Brannigan, Begin Again",1999,\N,Fox,8.2,1398,15
tt0766798,tt0149460,2,9,Futurama,Why Must I Be a Crustacean in Love?,2000,\N,Fox,8.2,1428,18
tt0768399,tt0149460,3,1,Futurama,The Honking,2000,\N,Fox,7.6,1281,30
tt0768678,tt0149460,3,10,Futurama,The Luck of the Fryrish,2001,\N,Fox,9.4,2814,39
tt0772479,tt0149460,2,10,Futurama,Put Your Head on My Shoulders,2000,\N,Fox,7.7,1294,19
tt0779827,tt0149460,5,15,Futurama,Bender Should Not Be Allowed on TV,2003,\N,Fox,7.6,1111,71
tt1620650,tt0149460,6,1,Futurama,Rebirth,2010,\N,Fox,7.9,1391,73
tt1630882,tt0149460,6,10,Futurama,The Prisoner of Benda,2010,\N,Fox,8.3,1109,82
tt1630883,tt0149460,6,11,Futurama,Lrrreconcilable Ndndifferences,2010,\N,Fox,7.4,949,83
tt1630884,tt0149460,6,12,Futurama,The Mutants Are Revolting,2010,\N,Fox,7.6,910,84
tt1630885,tt0149460,6,13,Futurama,The Futurama Holiday Spectacular,2010,\N,Fox,6.7,984,85
tt1630886,tt0149460,6,14,Futurama,Neutopia,2011,\N,Fox,7.6,988,86
tt1630887,tt0149460,6,15,Futurama,Benderama,2011,\N,Fox,7.7,961,87
tt1630888,tt0149460,6,16,Futurama,Ghost in the Machines,2011,\N,Fox,7.6,878,88
tt1630889,tt0149460,6,17,Futurama,Law and Oracle,2011,\N,Fox,8.1,946,89
tt1630890,tt0149460,6,18,Futurama,The Silence of the Clamps,2011,\N,Fox,7.6,870,90
tt1630891,tt0149460,6,2,Futurama,In-A-Gadda-Da-Leela,2010,\N,Fox,7.3,1222,74
tt1630892,tt0149460,6,3,Futurama,Attack of the Killer App,2010,\N,Fox,7.9,1271,75
tt1630893,tt0149460,6,4,Futurama,Proposition Infinity,2010,\N,Fox,7.4,1094,76
tt1630894,tt0149460,6,5,Futurama,The Duh-Vinci Code,2010,\N,Fox,7.3,1142,77
tt1630895,tt0149460,6,6,Futurama,Lethal Inspection,2010,\N,Fox,8.7,1441,78
tt1630896,tt0149460,6,7,Futurama,The Late Philip J. Fry,2010,\N,Fox,9.3,2269,79
tt1630897,tt0149460,6,8,Futurama,That Darn Katz!,2010,\N,Fox,7.5,1046,80
tt1630898,tt0149460,6,9,Futurama,A Clockwork Origin,2010,\N,Fox,7.9,1076,81
tt1642353,tt0149460,6,19,Futurama,Yo Leela Leela,2011,\N,Fox,7.0,879,91
tt1642354,tt0149460,6,20,Futurama,All the Presidents' Heads,2011,\N,Fox,7.5,836,92
tt1642355,tt0149460,6,21,Futurama,Möbius Dick,2011,\N,Fox,7.4,860,93
tt1642356,tt0149460,6,22,Futurama,Fry Am the Egg Man,2011,\N,Fox,7.4,806,94
tt1642357,tt0149460,6,23,Futurama,The Tip of the Zoidberg,2011,\N,Fox,7.9,877,95
tt1642358,tt0149460,6,24,Futurama,Cold Warriors,2011,\N,Fox,7.7,866,96
tt1642359,tt0149460,6,25,Futurama,Overclockwise,2011,\N,Fox,8.0,899,97
tt1642360,tt0149460,6,26,Futurama,Reincarnation,2011,\N,Fox,8.0,1035,98
tt1952190,tt0149460,7,1,Futurama,The Bots and the Bees,2012,\N,Fox,7.8,1041,99
tt2005599,tt0149460,7,10,Futurama,Near-Death Wish,2012,\N,Fox,7.7,802,108
tt2005600,tt0149460,7,12,Futurama,31st Century Fox,2012,\N,Fox,7.3,778,110
tt2005601,tt0149460,7,11,Futurama,Viva Mars Vegas,2012,\N,Fox,7.7,751,109
tt2005602,tt0149460,7,13,Futurama,Naturama,2012,\N,Fox,7.3,916,111
tt2005603,tt0149460,7,14,Futurama,2-D Blacktop,2013,\N,Fox,7.4,778,112
tt2005604,tt0149460,7,15,Futurama,Fry and Leela's Big Fling,2013,\N,Fox,8.1,777,113
tt2005605,tt0149460,7,16,Futurama,T.: The Terrestrial,2013,\N,Fox,7.5,742,114
tt2005606,tt0149460,7,17,Futurama,Forty Percent Leadbelly,2013,\N,Fox,6.8,778,115
tt2005607,tt0149460,7,18,Futurama,The Inhuman Torch,2013,\N,Fox,7.3,751,116
tt2005608,tt0149460,7,19,Futurama,Saturday Morning Fun Pit,2013,\N,Fox,7.1,930,117
tt2005609,tt0149460,7,2,Futurama,A Farewell to Arms,2012,\N,Fox,7.7,873,100
tt2005610,tt0149460,7,20,Futurama,Calculon 2.0,2013,\N,Fox,7.2,764,118
tt2005611,tt0149460,7,21,Futurama,Assie Come Home,2013,\N,Fox,7.2,750,119
tt2005612,tt0149460,7,22,Futurama,Leela and the Genestalk,2013,\N,Fox,7.2,724,120
tt2005613,tt0149460,7,23,Futurama,Game of Tones,2013,\N,Fox,8.4,1097,121
tt2005614,tt0149460,7,24,Futurama,Murder on the Planet Express,2013,\N,Fox,8.6,940,122
tt2005615,tt0149460,7,25,Futurama,Stench and Stenchibility,2013,\N,Fox,8.0,926,123
tt2005616,tt0149460,7,26,Futurama,Meanwhile,2013,\N,Fox,9.3,2171,124
tt2005617,tt0149460,7,3,Futurama,Decision 3012,2012,\N,Fox,7.6,895,101
tt2005618,tt0149460,7,4,Futurama,The Thief of Baghead,2012,\N,Fox,7.3,811,102
tt2005619,tt0149460,7,5,Futurama,Zapp Dingbat,2012,\N,Fox,7.3,791,103
tt2005620,tt0149460,7,6,Futurama,The Butterjunk Effect,2012,\N,Fox,7.2,808,104
tt2005621,tt0149460,7,7,Futurama,The Six Million Dollar Mon,2012,\N,Fox,7.7,815,105
tt2005622,tt0149460,7,8,Futurama,Fun on a Bun,2012,\N,Fox,7.7,836,106
tt2005623,tt0149460,7,9,Futurama,Free Will Hunting,2012,\N,Fox,7.5,786,107
tt0502161,tt0285331,1,11,24,10:00 a.m.-11:00 a.m.,2002,\N,Fox,8.6,1197,11
tt0502162,tt0285331,1,23,24,10:00 p.m.-11:00 p.m.,2002,\N,Fox,9.0,1208,23
tt0502163,tt0285331,1,12,24,11:00 a.m.-12:00 p.m.,2002,\N,Fox,8.8,1200,12
tt0502164,tt0285331,1,24,24,11:00 p.m.-12:00 a.m.,2002,\N,Fox,9.3,1725,24
tt0502165,tt0285331,1,1,24,12:00 a.m.-1:00 a.m.,2001,\N,Fox,8.5,2129,1
tt0502166,tt0285331,1,13,24,12:00 p.m.-1:00 p.m.,2002,\N,Fox,8.6,1175,13
tt0502167,tt0285331,1,2,24,1:00 a.m.-2:00 a.m.,2001,\N,Fox,8.4,1529,2
tt0502168,tt0285331,1,14,24,1:00 p.m.-2:00 p.m.,2002,\N,Fox,8.3,1144,14
tt0502169,tt0285331,1,3,24,2:00 a.m.-3:00 a.m.,2001,\N,Fox,8.3,1425,3
tt0502170,tt0285331,1,15,24,2:00 p.m.-3:00 p.m.,2002,\N,Fox,8.3,1150,15
tt0502171,tt0285331,1,4,24,3:00 a.m.-4:00 a.m.,2001,\N,Fox,8.3,1338,4
tt0502172,tt0285331,1,16,24,3:00 p.m.-4:00 p.m.,2002,\N,Fox,8.2,1131,16
tt0502173,tt0285331,1,5,24,4:00 a.m.-5:00 a.m.,2001,\N,Fox,8.3,1270,5
tt0502174,tt0285331,1,17,24,4:00 p.m.-5:00 p.m.,2002,\N,Fox,8.3,1126,17
tt0502175,tt0285331,1,6,24,5:00 a.m.-6:00 a.m.,2001,\N,Fox,8.6,1287,6
tt0502176,tt0285331,1,18,24,5:00 p.m.-6:00 p.m.,2002,\N,Fox,8.3,1096,18
tt0502177,tt0285331,1,7,24,6:00 a.m.-7:00 a.m.,2002,\N,Fox,8.7,1274,7
tt0502178,tt0285331,1,19,24,6:00 p.m.-7:00 p.m.,2002,\N,Fox,8.5,1109,19
tt0502179,tt0285331,1,8,24,7:00 a.m.-8:00 a.m.,2002,\N,Fox,8.8,1247,8
tt0502180,tt0285331,1,20,24,7:00 p.m.-8:00 p.m.,2002,\N,Fox,8.7,1109,20
tt0502181,tt0285331,1,9,24,8:00 a.m.-9:00 a.m.,2002,\N,Fox,8.5,1217,9
tt0502182,tt0285331,1,21,24,8:00 p.m.-9:00 p.m.,2002,\N,Fox,8.5,1091,21
tt0502183,tt0285331,1,10,24,9:00 a.m.-10:00 a.m.,2002,\N,Fox,8.4,1189,10
tt0502184,tt0285331,1,22,24,9:00 p.m.-10:00 p.m.,2002,\N,Fox,8.5,1095,22
tt0502185,tt0285331,2,3,24,Day 2: 10:00 a.m.-11:00 a.m.,2002,\N,Fox,8.8,1027,27
tt0502186,tt0285331,2,15,24,Day 2: 10:00 p.m.-11:00 p.m.,2003,\N,Fox,9.2,1179,39
tt0502187,tt0285331,2,4,24,Day 2: 11:00 a.m.-12:00 p.m.,2002,\N,Fox,8.7,986,28
tt0502188,tt0285331,2,16,24,Day 2: 11:00 p.m.-12:00 a.m.,2003,\N,Fox,8.6,917,40
tt0502189,tt0285331,2,17,24,Day 2: 12:00 a.m.-1:00 a.m.,2003,\N,Fox,8.4,907,41
tt0502190,tt0285331,2,5,24,Day 2: 12:00 p.m.-1:00 p.m.,2002,\N,Fox,8.4,967,29
tt0502191,tt0285331,2,18,24,Day 2: 1:00 a.m.-2:00 a.m.,2003,\N,Fox,8.7,925,42
tt0502192,tt0285331,2,6,24,Day 2: 1:00 p.m.-2:00 p.m.,2002,\N,Fox,8.6,958,30
tt0502193,tt0285331,2,19,24,Day 2: 2:00 a.m.-3:00 a.m.,2003,\N,Fox,8.6,933,43
tt0502194,tt0285331,2,7,24,Day 2: 2:00 p.m.-3:00 p.m.,2002,\N,Fox,8.7,965,31
tt0502195,tt0285331,2,20,24,Day 2: 3:00 a.m.-4:00 a.m.,2003,\N,Fox,8.7,930,44
tt0502196,tt0285331,2,8,24,Day 2: 3:00 p.m.-4:00 p.m.,2002,\N,Fox,8.6,942,32
tt0502197,tt0285331,2,21,24,Day 2: 4:00 a.m.-5:00 a.m.,2003,\N,Fox,8.7,923,45
tt0502198,tt0285331,2,9,24,Day 2: 4:00 p.m.-5:00 p.m.,2003,\N,Fox,8.9,968,33
tt0502199,tt0285331,2,22,24,Day 2: 5:00 a.m.-6:00 a.m.,2003,\N,Fox,8.8,909,46
tt0502200,tt0285331,2,10,24,Day 2: 5:00 p.m.-6:00 p.m.,2003,\N,Fox,8.9,945,34
tt0502201,tt0285331,2,23,24,Day 2: 6:00 a.m.-7:00 a.m.,2003,\N,Fox,8.8,916,47
tt0502202,tt0285331,2,11,24,Day 2: 6:00 p.m.-7:00 p.m.,2003,\N,Fox,8.5,936,35
tt0502203,tt0285331,2,24,24,Day 2: 7:00 a.m.-8:00 a.m.,2003,\N,Fox,9.2,1141,48
tt0502204,tt0285331,2,12,24,Day 2: 7:00 p.m.-8:00 p.m.,2003,\N,Fox,8.8,959,36
tt0502205,tt0285331,2,1,24,Day 2: 8:00 a.m.-9:00 a.m.,2002,\N,Fox,8.5,1184,25
tt0502206,tt0285331,2,13,24,Day 2: 8:00 p.m.-9:00 p.m.,2003,\N,Fox,8.6,937,37
tt0502207,tt0285331,2,2,24,Day 2: 9:00 a.m.-10:00 a.m.,2002,\N,Fox,8.3,1019,26
tt0502208,tt0285331,2,14,24,Day 2: 9:00 p.m.-10:00 p.m.,2003,\N,Fox,8.7,940,38
tt0502209,tt0285331,3,22,24,Day 3: 10:00 a.m.-11:00 a.m.,2004,\N,Fox,9.0,848,70
tt0502210,tt0285331,3,10,24,Day 3: 10:00 p.m.-11:00 p.m.,2004,\N,Fox,8.6,839,58
tt0502211,tt0285331,3,23,24,Day 3: 11:00 a.m.-12:00 p.m.,2004,\N,Fox,8.9,847,71
tt0502212,tt0285331,3,11,24,Day 3: 11:00 p.m.-12:00 a.m.,2004,\N,Fox,8.5,829,59
tt0502213,tt0285331,3,12,24,Day 3: 12:00 a.m.-1:00 a.m.,2004,\N,Fox,8.8,842,60
tt0502214,tt0285331,3,24,24,Day 3: 12:00 p.m.-1:00 p.m.,2004,\N,Fox,9.0,976,72
tt0502215,tt0285331,3,13,24,Day 3: 1:00 a.m.-2:00 a.m.,2004,\N,Fox,8.7,838,61
tt0502216,tt0285331,3,1,24,Day 3: 1:00 p.m.-2:00 p.m.,2003,\N,Fox,8.3,1026,49
tt0502217,tt0285331,3,14,24,Day 3: 2:00 a.m.-3:00 a.m.,2004,\N,Fox,8.9,883,62
tt0502218,tt0285331,3,2,24,Day 3: 2:00 p.m.-3:00 p.m.,2003,\N,Fox,8.3,880,50
tt0502219,tt0285331,3,15,24,Day 3: 3:00 a.m.-4:00 a.m.,2004,\N,Fox,8.7,831,63
tt0502220,tt0285331,3,3,24,Day 3: 3:00 p.m.-4:00 p.m.,2003,\N,Fox,8.6,873,51
tt0502221,tt0285331,3,16,24,Day 3: 4:00 a.m.-5:00 a.m.,2004,\N,Fox,8.9,847,64
tt0502222,tt0285331,3,4,24,Day 3: 4:00 p.m.-5:00 p.m.,2003,\N,Fox,8.6,874,52
tt0502223,tt0285331,3,17,24,Day 3: 5:00 a.m.-6:00 a.m.,2004,\N,Fox,8.8,843,65
tt0502224,tt0285331,3,5,24,Day 3: 5:00 p.m.-6:00 p.m.,2003,\N,Fox,8.7,861,53
tt0502225,tt0285331,3,18,24,Day 3: 6:00 a.m.-7:00 a.m.,2004,\N,Fox,9.2,1082,66
tt0502226,tt0285331,3,6,24,Day 3: 6:00 p.m.-7:00 p.m.,2003,\N,Fox,8.5,853,54
tt0502227,tt0285331,3,19,24,Day 3: 7:00 a.m.-8:00 a.m.,2004,\N,Fox,8.7,833,67
tt0502228,tt0285331,3,7,24,Day 3: 7:00 p.m.-8:00 p.m.,2003,\N,Fox,8.8,872,55
tt0502229,tt0285331,3,20,24,Day 3: 8:00 a.m.-9:00 a.m.,2004,\N,Fox,8.7,809,68
tt0502230,tt0285331,3,8,24,Day 3: 8:00 p.m.-9:00 p.m.,2003,\N,Fox,8.6,842,56
tt0502231,tt0285331,3,21,24,Day 3: 9:00 a.m.-10:00 a.m.,2004,\N,Fox,8.7,822,69
tt0502232,tt0285331,3,9,24,Day 3: 9:00 p.m.-10:00 p.m.,2004,\N,Fox,8.5,832,57
tt0502233,tt0285331,4,4,24,Day 4: 10:00 a.m.-11:00 a.m.,2005,\N,Fox,8.3,807,77
tt0502234,tt0285331,4,16,24,Day 4: 10:00 p.m.-11:00 p.m.,2005,\N,Fox,8.8,798,89
tt0502235,tt0285331,4,5,24,Day 4: 11:00 a.m.-12:00 p.m.,2005,\N,Fox,8.3,800,78
tt0502236,tt0285331,4,17,24,Day 4: 11:00 p.m.-12:00 a.m.,2005,\N,Fox,8.6,777,90
tt0502237,tt0285331,4,18,24,Day 4: 12:00 a.m.-1:00 a.m.,2005,\N,Fox,8.3,767,91
tt0502238,tt0285331,4,6,24,Day 4: 12:00 p.m.-1:00 p.m.,2005,\N,Fox,8.7,808,79
tt0502239,tt0285331,4,19,24,Day 4: 1:00 a.m.-2:00 a.m.,2005,\N,Fox,8.8,803,92
tt0502240,tt0285331,4,7,24,Day 4: 1:00 p.m.-2:00 p.m.,2005,\N,Fox,8.6,795,80
tt0502241,tt0285331,4,20,24,Day 4: 2:00 a.m.-3:00 a.m.,2005,\N,Fox,9.0,827,93
tt0502242,tt0285331,4,8,24,Day 4: 2:00 p.m.-3:00 p.m.,2005,\N,Fox,8.7,785,81
tt0502243,tt0285331,4,21,24,Day 4: 3:00 a.m.-4:00 a.m.,2005,\N,Fox,8.5,765,94
tt0502244,tt0285331,4,9,24,Day 4: 3:00 p.m.-4:00 p.m.,2005,\N,Fox,8.5,772,82
tt0502245,tt0285331,4,22,24,Day 4: 4:00 a.m.-5:00 a.m.,2005,\N,Fox,8.6,782,95
tt0502246,tt0285331,4,10,24,Day 4: 4:00 p.m.-5:00 p.m.,2005,\N,Fox,8.3,772,83
tt0502247,tt0285331,4,23,24,Day 4: 5:00 a.m.-6:00 a.m.,2005,\N,Fox,9.0,823,96
tt0502248,tt0285331,4,11,24,Day 4: 5:00 p.m.-6:00 p.m.,2005,\N,Fox,8.6,778,84
tt0502249,tt0285331,4,24,24,Day 4: 6:00 a.m.-7:00 a.m.,2005,\N,Fox,9.1,933,97
tt0502250,tt0285331,4,12,24,Day 4: 6:00 p.m.-7:00 p.m.,2005,\N,Fox,8.4,779,85
tt0502251,tt0285331,4,1,24,Day 4: 7:00 a.m.-8:00 a.m.,2005,\N,Fox,8.5,936,74
tt0502252,tt0285331,4,13,24,Day 4: 7:00 p.m.-8:00 p.m.,2005,\N,Fox,8.5,771,86
tt0502253,tt0285331,4,2,24,Day 4: 8:00 a.m.-9:00 a.m.,2005,\N,Fox,8.3,833,75
tt0502254,tt0285331,4,14,24,Day 4: 8:00 p.m.-9:00 p.m.,2005,\N,Fox,8.4,767,87
tt0502255,tt0285331,4,3,24,Day 4: 9:00 a.m.-10:00 a.m.,2005,\N,Fox,8.3,804,76
tt0502256,tt0285331,4,15,24,Day 4: 9:00 p.m.-10:00 p.m.,2005,\N,Fox,8.2,760,88
tt0502257,tt0285331,5,4,24,Day 5: 10:00 a.m.-11:00 a.m.,2006,\N,Fox,8.8,847,102
tt0502258,tt0285331,5,5,24,Day 5: 11:00 a.m.-12:00 p.m.,2006,\N,Fox,8.8,822,103
tt0502259,tt0285331,5,6,24,Day 5: 12:00 p.m.-1:00 p.m.,2006,\N,Fox,8.8,823,104
tt0502260,tt0285331,5,7,24,Day 5: 1:00 p.m.-2:00 p.m.,2006,\N,Fox,8.4,810,105
tt0502261,tt0285331,5,8,24,Day 5: 2:00 p.m.-3:00 p.m.,2006,\N,Fox,8.6,802,106
tt0502262,tt0285331,5,9,24,Day 5: 3:00 p.m.-4:00 p.m.,2006,\N,Fox,8.5,798,107
tt0502263,tt0285331,5,10,24,Day 5: 4:00 p.m.-5:00 p.m.,2006,\N,Fox,8.9,800,108
tt0502264,tt0285331,5,11,24,Day 5: 5:00 p.m.-6:00 p.m.,2006,\N,Fox,8.7,814,109
tt0502265,tt0285331,5,12,24,Day 5: 6:00 p.m.-7:00 p.m.,2006,\N,Fox,9.2,947,110
tt0502266,tt0285331,5,1,24,Day 5: 7:00 a.m.-8:00 a.m.,2006,\N,Fox,9.2,1140,99
tt0502267,tt0285331,5,13,24,Day 5: 7:00 p.m.-8:00 p.m.,2006,\N,Fox,8.9,896,111
tt0502268,tt0285331,5,2,24,Day 5: 8:00 a.m.-9:00 a.m.,2006,\N,Fox,8.9,872,100
tt0502269,tt0285331,5,14,24,Day 5: 8:00 p.m.-9:00 p.m.,2006,\N,Fox,8.6,810,112
tt0502270,tt0285331,5,3,24,Day 5: 9:00 a.m.-10:00 a.m.,2006,\N,Fox,8.8,842,101
tt0760415,tt0285331,5,16,24,Day 5: 10:00 p.m.-11:00 p.m.,2006,\N,Fox,8.8,801,114
tt0763117,tt0285331,5,15,24,Day 5: 9:00 p.m.-10:00 p.m.,2006,\N,Fox,8.9,813,113
tt0769779,tt0285331,5,19,24,Day 5: 1:00 a.m.-2:00 a.m.,2006,\N,Fox,8.6,770,117
tt0769780,tt0285331,5,20,24,Day 5: 2:00 a.m.-3:00 a.m.,2006,\N,Fox,8.7,778,118
tt0782170,tt0285331,5,17,24,Day 5: 11:00 p.m.-12:00 a.m.,2006,\N,Fox,8.7,796,115
tt0782171,tt0285331,5,18,24,Day 5: 12:00 a.m.-1:00 a.m.,2006,\N,Fox,8.6,778,116
tt0784081,tt0285331,5,21,24,Day 5: 3:00 a.m.-4:00 a.m.,2006,\N,Fox,8.7,790,119
tt0796377,tt0285331,5,22,24,Day 5: 4:00 a.m.-5:00 a.m.,2006,\N,Fox,8.4,788,120
tt0801845,tt0285331,5,23,24,Day 5: 5:00 a.m.-6:00 a.m.,2006,\N,Fox,8.9,820,121
tt0807484,tt0285331,5,24,24,Day 5: 6:00 a.m.-7:00 a.m.,2006,\N,Fox,9.2,1037,122
tt0865980,tt0285331,6,1,24,Day 6: 6:00 a.m.-7:00 a.m.,2007,\N,Fox,8.6,1026,124
tt0881401,tt0285331,4,0,24,Season 4 Prequel,2004,\N,Fox,8.4,481,73
tt0881402,tt0285331,5,0,24,Season 5 Prequel,2005,\N,Fox,8.4,486,98
tt0915755,tt0285331,6,0,24,Season 6 Prequel,2006,\N,Fox,8.4,497,123
tt0925315,tt0285331,6,2,24,Day 6: 7:00 a.m.-8:00 a.m.,2007,\N,Fox,8.6,880,125
tt0933400,tt0285331,6,3,24,Day 6: 8:00 a.m.-9:00 a.m.,2007,\N,Fox,8.3,838,126
tt0933401,tt0285331,6,4,24,Day 6: 9:00 a.m.-10:00 a.m.,2007,\N,Fox,9.1,1026,127
tt0933901,tt0285331,6,5,24,Day 6: 10:00 a.m.-11:00 a.m.,2007,\N,Fox,8.3,841,128
tt0933902,tt0285331,6,17,24,Day 6: 10:00 p.m.-11:00 p.m.,2007,\N,Fox,9.0,891,140
tt0933903,tt0285331,6,6,24,Day 6: 11:00 a.m.-12:00 p.m.,2007,\N,Fox,8.1,789,129
tt0933904,tt0285331,6,18,24,Day 6: 11:00 p.m.-12:00 a.m.,2007,\N,Fox,8.1,745,141
tt0933905,tt0285331,6,19,24,Day 6: 12:00 a.m.-1:00 a.m.,2007,\N,Fox,8.1,742,142
tt0933906,tt0285331,6,7,24,Day 6: 12:00 p.m.-1:00 p.m.,2007,\N,Fox,8.3,787,130
tt0933907,tt0285331,6,20,24,Day 6: 1:00 a.m.-2:00 a.m.,2007,\N,Fox,8.0,766,143
tt0933908,tt0285331,6,8,24,Day 6: 1:00 p.m.-2:00 p.m.,2007,\N,Fox,8.3,763,131
tt0933909,tt0285331,6,21,24,Day 6: 2:00 a.m.-3:00 a.m.,2007,\N,Fox,8.4,774,144
tt0933910,tt0285331,6,9,24,Day 6: 2:00 p.m.-3:00 p.m.,2007,\N,Fox,8.3,758,132
tt0933911,tt0285331,6,22,24,Day 6: 3:00 a.m.-4:00 a.m.,2007,\N,Fox,8.2,754,145
tt0933912,tt0285331,6,10,24,Day 6: 3:00 p.m.-4:00 p.m.,2007,\N,Fox,8.3,774,133
tt0933913,tt0285331,6,23,24,Day 6: 4:00 a.m.-5:00 a.m.,2007,\N,Fox,8.2,786,146
tt0933914,tt0285331,6,11,24,Day 6: 4:00 p.m.-5:00 p.m.,2007,\N,Fox,8.2,770,134
tt0933915,tt0285331,6,24,24,Day 6: 5:00 a.m.-6:00 a.m.,2007,\N,Fox,8.4,944,147
tt0933916,tt0285331,6,12,24,Day 6: 5:00 p.m.-6:00 p.m.,2007,\N,Fox,8.3,764,135
tt0933917,tt0285331,6,13,24,Day 6: 6:00 p.m.-7:00 p.m.,2007,\N,Fox,8.4,770,136
tt0933918,tt0285331,6,14,24,Day 6: 7:00 p.m.-8:00 p.m.,2007,\N,Fox,8.2,747,137
tt0933919,tt0285331,6,15,24,Day 6: 8:00 p.m.-9:00 p.m.,2007,\N,Fox,8.2,759,138
tt0933920,tt0285331,6,16,24,Day 6: 9:00 p.m.-10:00 p.m.,2007,\N,Fox,8.3,773,139
tt1091235,tt0285331,7,1,24,Day 7: 8:00 a.m.-9:00 a.m.,2009,\N,Fox,8.5,1026,148
tt1091236,tt0285331,7,11,24,Day 7: 6:00 p.m.-7:00 p.m.,2009,\N,Fox,8.4,747,158
tt1091237,tt0285331,7,12,24,Day 7: 7:00 p.m.-8:00 p.m.,2009,\N,Fox,9.0,856,159
tt1091238,tt0285331,7,13,24,Day 7: 8:00 p.m.-9:00 p.m.,2009,\N,Fox,8.8,776,160
tt1091239,tt0285331,7,14,24,Day 7: 9:00 p.m.-10:00 p.m.,2009,\N,Fox,8.7,741,161
tt1091241,tt0285331,7,15,24,Day 7: 10:00 p.m.-11:00 p.m.,2009,\N,Fox,8.4,725,162
tt1091242,tt0285331,7,16,24,Day 7: 11:00 p.m.-12:00 a.m.,2009,\N,Fox,8.4,726,163
tt1091243,tt0285331,7,17,24,Day 7: 12:00 a.m.-1:00 a.m.,2009,\N,Fox,8.3,717,164
tt1091244,tt0285331,7,18,24,Day 7: 1:00 a.m.-2:00 a.m.,2009,\N,Fox,8.7,772,165
tt1091245,tt0285331,7,19,24,Day 7: 2:00 a.m.-3:00 a.m.,2009,\N,Fox,8.4,728,166
tt1091246,tt0285331,7,2,24,Day 7: 9:00 a.m.-10:00 a.m.,2009,\N,Fox,8.4,843,149
tt1091247,tt0285331,7,20,24,Day 7: 3:00 a.m.-4:00 a.m.,2009,\N,Fox,8.2,730,167
tt1091248,tt0285331,7,21,24,Day 7: 4:00 a.m.-5:00 a.m.,2009,\N,Fox,8.1,711,168
tt1091249,tt0285331,7,22,24,Day 7: 5:00 a.m.-6:00 a.m.,2009,\N,Fox,8.3,725,169
tt1091250,tt0285331,7,23,24,Day 7: 6:00 a.m.-7:00 a.m.,2009,\N,Fox,8.5,746,170
tt1091251,tt0285331,7,24,24,Day 7: 7:00 a.m.-8:00 a.m.,2009,\N,Fox,8.8,872,171
tt1091252,tt0285331,7,3,24,Day 7: 10:00 a.m.-11:00 a.m.,2009,\N,Fox,8.9,843,150
tt1091253,tt0285331,7,4,24,Day 7: 11:00 a.m.-12:00 p.m.,2009,\N,Fox,8.3,806,151
tt1091254,tt0285331,7,5,24,Day 7: 12:00 p.m.-1:00 p.m.,2009,\N,Fox,8.4,801,152
tt1091255,tt0285331,7,7,24,Day 7: 2:00 p.m.-3:00 p.m.,2009,\N,Fox,8.4,754,154
tt1091256,tt0285331,7,8,24,Day 7: 3:00 p.m.-4:00 p.m.,2009,\N,Fox,8.4,770,155
tt1091257,tt0285331,7,9,24,Day 7: 4:00 p.m.-5:00 p.m.,2009,\N,Fox,8.4,737,156
tt1091258,tt0285331,7,10,24,Day 7: 5:00 p.m.-6:00 p.m.,2009,\N,Fox,8.6,748,157
tt1334623,tt0285331,7,6,24,Day 7: 1:00 p.m.-2:00 p.m.,2009,\N,Fox,8.4,747,153
tt1448781,tt0285331,8,1,24,Day 8: 4:00 p.m.-5:00 p.m.,2010,\N,Fox,8.3,1001,172
tt1452307,tt0285331,8,2,24,Day 8: 5:00 p.m.-6:00 p.m.,2010,\N,Fox,8.1,772,173
tt1452308,tt0285331,8,3,24,Day 8: 6:00 p.m.-7:00 p.m.,2010,\N,Fox,8.3,740,174
tt1452309,tt0285331,8,4,24,Day 8: 7:00 p.m.-8:00 p.m.,2010,\N,Fox,8.3,746,175
tt1455275,tt0285331,8,5,24,Day 8: 8:00 p.m.-9:00 p.m.,2010,\N,Fox,8.1,735,176
tt1456663,tt0285331,8,6,24,Day 8: 9:00 p.m.-10:00 p.m.,2010,\N,Fox,8.1,716,177
tt1461703,tt0285331,8,7,24,Day 8: 10:00 p.m.-11:00 p.m.,2010,\N,Fox,8.2,696,178
tt1463803,tt0285331,8,19,24,Day 8: 10:00 a.m.-11:00 a.m.,2010,\N,Fox,8.2,699,190
tt1463804,tt0285331,8,20,24,Day 8: 11:00 a.m.-12:00 p.m.,2010,\N,Fox,8.7,721,191
tt1463805,tt0285331,8,8,24,Day 8: 11:00 p.m.-12:00 a.m.,2010,\N,Fox,8.2,681,179
tt1463806,tt0285331,8,9,24,Day 8: 12:00 a.m.-1:00 a.m.,2010,\N,Fox,7.9,705,180
tt1463807,tt0285331,8,21,24,Day 8: 12:00 p.m.-1:00 p.m.,2010,\N,Fox,8.9,753,192
tt1463808,tt0285331,8,10,24,Day 8: 1:00 a.m.-2:00 a.m.,2010,\N,Fox,8.1,679,181
tt1463809,tt0285331,8,22,24,Day 8: 1:00 p.m.-2:00 p.m.,2010,\N,Fox,9.1,861,193
tt1463810,tt0285331,8,11,24,Day 8: 2:00 a.m.-3:00 a.m.,2010,\N,Fox,8.2,690,182
tt1463811,tt0285331,8,23,24,Day 8: 2:00 p.m.-3:00 p.m.,2010,\N,Fox,9.0,810,194
tt1463812,tt0285331,8,12,24,Day 8: 3:00 a.m.-4:00 a.m.,2010,\N,Fox,8.6,727,183
tt1463813,tt0285331,8,24,24,Day 8: 3:00 p.m.-4:00 p.m.,2010,\N,Fox,9.1,1222,195
tt1463814,tt0285331,8,13,24,Day 8: 4:00 a.m.-5:00 a.m.,2010,\N,Fox,8.2,692,184
tt1463815,tt0285331,8,14,24,Day 8: 5:00 a.m.-6:00 a.m.,2010,\N,Fox,8.4,679,185
tt1463816,tt0285331,8,15,24,Day 8: 6:00 a.m.-7:00 a.m.,2010,\N,Fox,8.6,686,186
tt1463817,tt0285331,8,16,24,Day 8: 7:00 a.m.-8:00 a.m.,2010,\N,Fox,9.0,777,187
tt1463818,tt0285331,8,17,24,Day 8: 8:00 a.m.-9:00 a.m.,2010,\N,Fox,8.8,752,188
tt1463819,tt0285331,8,18,24,Day 8: 9:00 a.m.-10:00 a.m.,2010,\N,Fox,8.5,699,189
tt1392842,tt1327801,1,1,Glee,Pilot,2009,\N,Fox,8.8,2164,1
tt1393335,tt1327801,1,2,Glee,Showmance,2009,\N,Fox,8.4,1445,2
tt1393336,tt1327801,1,3,Glee,Acafellas,2009,\N,Fox,8.1,1368,3
tt1400073,tt1327801,1,5,Glee,The Rhodes Not Taken,2009,\N,Fox,8.4,1285,5
tt1442933,tt1327801,1,11,Glee,Hairography,2009,\N,Fox,8.5,1174,11
tt1442934,tt1327801,1,12,Glee,Mattress,2009,\N,Fox,8.5,1170,12
tt1442935,tt1327801,1,13,Glee,Sectionals,2009,\N,Fox,9.3,1413,13
tt1442936,tt1327801,1,10,Glee,Ballad,2009,\N,Fox,8.7,1207,10
tt1442937,tt1327801,1,4,Glee,Preggers,2009,\N,Fox,8.8,1352,4
tt1442938,tt1327801,1,6,Glee,Vitamin D,2009,\N,Fox,8.6,1206,6
tt1442939,tt1327801,1,8,Glee,Mash-Up,2009,\N,Fox,8.6,1186,8
tt1442940,tt1327801,1,9,Glee,Wheels,2009,\N,Fox,9.0,1244,9
tt1514911,tt1327801,1,14,Glee,Hell-O,2010,\N,Fox,8.5,1272,14
tt1514912,tt1327801,1,15,Glee,The Power of Madonna,2010,\N,Fox,9.0,1496,15
tt1514913,tt1327801,1,16,Glee,Home,2010,\N,Fox,8.4,1212,16
tt1514914,tt1327801,1,17,Glee,Bad Reputation,2010,\N,Fox,8.5,1180,17
tt1514915,tt1327801,1,18,Glee,Laryngitis,2010,\N,Fox,8.5,1135,18
tt1514916,tt1327801,1,19,Glee,Dream On,2010,\N,Fox,9.0,1466,19
tt1514917,tt1327801,1,21,Glee,Funk,2010,\N,Fox,8.5,1098,21
tt1514918,tt1327801,1,20,Glee,Theatricality,2010,\N,Fox,8.8,1238,20
tt1514919,tt1327801,1,22,Glee,Journey to Regionals,2010,\N,Fox,9.3,1500,22
tt1514920,tt1327801,1,7,Glee,Throwdown,2009,\N,Fox,8.6,1133,7
tt1628278,tt1327801,2,1,Glee,Audition,2010,\N,Fox,8.3,1137,23
tt1628279,tt1327801,2,9,Glee,Special Education,2010,\N,Fox,8.6,1081,31
tt1628280,tt1327801,2,10,Glee,A Very Glee Christmas,2010,\N,Fox,8.7,1115,32
tt1628281,tt1327801,2,12,Glee,Silly Love Songs,2011,\N,Fox,8.7,1098,34
tt1628282,tt1327801,2,13,Glee,Comeback,2011,\N,Fox,8.1,1028,35
tt1628283,tt1327801,2,14,Glee,Blame It on the Alcohol,2011,\N,Fox,9.0,1174,36
tt1628284,tt1327801,2,15,Glee,Sexy,2011,\N,Fox,8.6,1084,37
tt1628285,tt1327801,2,16,Glee,Original Song,2011,\N,Fox,9.2,1297,38
tt1628286,tt1327801,2,17,Glee,A Night of Neglect,2011,\N,Fox,7.5,1003,39
tt1628287,tt1327801,2,18,Glee,Born This Way,2011,\N,Fox,8.9,1162,40
tt1628288,tt1327801,2,19,Glee,Rumours,2011,\N,Fox,8.5,1000,41
tt1628289,tt1327801,2,2,Glee,Britney/Brittany,2010,\N,Fox,8.3,1299,24
tt1628290,tt1327801,2,20,Glee,Prom Queen,2011,\N,Fox,8.9,1065,42
tt1628291,tt1327801,2,21,Glee,Funeral,2011,\N,Fox,8.9,1028,43
tt1628292,tt1327801,2,22,Glee,New York,2011,\N,Fox,8.7,1100,44
tt1628293,tt1327801,2,3,Glee,Grilled Cheesus,2010,\N,Fox,8.4,1298,25
tt1628294,tt1327801,2,4,Glee,Duets,2010,\N,Fox,8.7,1100,26
tt1628295,tt1327801,2,5,Glee,The Rocky Horror Glee Show,2010,\N,Fox,8.2,1169,27
tt1628296,tt1327801,2,6,Glee,Never Been Kissed,2010,\N,Fox,9.0,1359,28
tt1628297,tt1327801,2,7,Glee,The Substitute,2010,\N,Fox,8.8,1140,29
tt1628298,tt1327801,2,8,Glee,Furt,2010,\N,Fox,9.0,1166,30
tt1670435,tt1327801,3,1,Glee,The Purple Piano Project,2011,\N,Fox,8.2,1207,45
tt1785915,tt1327801,2,11,Glee,The Sue Sylvester Shuffle,2011,\N,Fox,8.9,1161,33
tt2001493,tt1327801,3,10,Glee,Yes/No,2012,\N,Fox,8.9,1052,54
tt2001494,tt1327801,3,11,Glee,Michael,2012,\N,Fox,8.9,1084,55
tt2001495,tt1327801,3,12,Glee,The Spanish Teacher,2012,\N,Fox,8.1,924,56
tt2001496,tt1327801,3,13,Glee,Heart,2012,\N,Fox,8.7,962,57
tt2001497,tt1327801,3,14,Glee,On My Way,2012,\N,Fox,9.1,1281,58
tt2001498,tt1327801,3,15,Glee,Big Brother,2012,\N,Fox,8.1,986,59
tt2001499,tt1327801,3,16,Glee,Saturday Night Glee-ver,2012,\N,Fox,8.1,894,60
tt2001500,tt1327801,3,17,Glee,Dance with Somebody,2012,\N,Fox,8.7,887,61
tt2001501,tt1327801,3,18,Glee,Choke,2012,\N,Fox,8.7,864,62
tt2001502,tt1327801,3,19,Glee,Prom-asaurus,2012,\N,Fox,8.8,860,63
tt2001503,tt1327801,3,2,Glee,I Am Unicorn,2011,\N,Fox,8.2,1023,46
tt2001504,tt1327801,3,20,Glee,Props,2012,\N,Fox,8.9,903,64
tt2001505,tt1327801,3,21,Glee,Nationals,2012,\N,Fox,9.3,1186,65
tt2001506,tt1327801,3,22,Glee,Goodbye,2012,\N,Fox,9.0,1055,66
tt2001507,tt1327801,3,3,Glee,Asian F,2011,\N,Fox,8.5,1073,47
tt2001508,tt1327801,3,4,Glee,Pot O' Gold,2011,\N,Fox,8.2,984,48
tt2001509,tt1327801,3,5,Glee,The First Time,2011,\N,Fox,8.8,1110,49
tt2001510,tt1327801,3,6,Glee,Mash Off,2011,\N,Fox,8.9,1014,50
tt2001511,tt1327801,3,7,Glee,I Kissed a Girl,2011,\N,Fox,8.6,953,51
tt2001512,tt1327801,3,8,Glee,Hold on to Sixteen,2011,\N,Fox,8.9,984,52
tt2001513,tt1327801,3,9,Glee,Extraordinary Merry Christmas,2011,\N,Fox,7.5,1027,53
tt2272167,tt1327801,4,1,Glee,The New Rachel,2012,\N,Fox,8.8,1235,67
tt2403583,tt1327801,4,10,Glee,"Glee, Actually",2012,\N,Fox,8.3,750,76
tt2403585,tt1327801,4,11,Glee,Sadie Hawkins,2013,\N,Fox,7.4,764,77
tt2403587,tt1327801,4,12,Glee,Naked,2013,\N,Fox,7.7,790,78
tt2403589,tt1327801,4,13,Glee,Diva,2013,\N,Fox,7.7,785,79
tt2403591,tt1327801,4,14,Glee,I Do,2013,\N,Fox,8.6,869,80
tt2403593,tt1327801,4,15,Glee,Girls (and Boys) on Film,2013,\N,Fox,8.4,744,81
tt2403595,tt1327801,4,16,Glee,Feud,2013,\N,Fox,8.4,739,82
tt2403597,tt1327801,4,17,Glee,Guilty Pleasures,2013,\N,Fox,8.4,752,83
tt2403599,tt1327801,4,18,Glee,Shooting Star,2013,\N,Fox,8.9,1024,84
tt2403601,tt1327801,4,19,Glee,Sweet Dreams,2013,\N,Fox,8.2,712,85
tt2403603,tt1327801,4,2,Glee,Britney 2.0,2012,\N,Fox,8.1,847,68
tt2403605,tt1327801,4,20,Glee,Lights Out,2013,\N,Fox,7.2,699,86
tt2403607,tt1327801,4,21,Glee,Wonder-ful,2013,\N,Fox,8.4,716,87
tt2403609,tt1327801,4,22,Glee,All or Nothing,2013,\N,Fox,8.1,732,88
tt2403611,tt1327801,4,3,Glee,Makeover,2012,\N,Fox,8.1,720,69
tt2403613,tt1327801,4,4,Glee,The Break-Up,2012,\N,Fox,9.1,1139,70
tt2403615,tt1327801,4,5,Glee,The Role You Were Born to Play,2012,\N,Fox,8.1,666,71
tt2403617,tt1327801,4,6,Glee,Glease,2012,\N,Fox,8.4,789,72
tt2403619,tt1327801,4,7,Glee,Dynamic Duets,2012,\N,Fox,7.7,829,73
tt2403621,tt1327801,4,8,Glee,Thanksgiving,2012,\N,Fox,7.8,841,74
tt2403623,tt1327801,4,9,Glee,Swan Song,2012,\N,Fox,8.7,860,75
tt3014616,tt1327801,5,1,Glee,"Love, Love, Love",2013,\N,Fox,8.5,910,89
tt3068760,tt1327801,5,3,Glee,The Quarterback,2013,\N,Fox,9.6,2469,91
tt3068770,tt1327801,5,2,Glee,Tina in the Sky with Diamonds,2013,\N,Fox,8.2,654,90
tt3183202,tt1327801,5,4,Glee,A Katy or a Gaga,2013,\N,Fox,7.2,752,92
tt3232670,tt1327801,5,5,Glee,The End of Twerk,2013,\N,Fox,7.5,695,93
tt3237764,tt1327801,6,1,Glee,Loser Like Me,2015,\N,Fox,8.6,804,109
tt3250466,tt1327801,5,6,Glee,Movin' Out,2013,\N,Fox,7.8,676,94
tt3286840,tt1327801,5,7,Glee,Puppet Master,2013,\N,Fox,7.6,698,95
tt3300326,tt1327801,6,3,Glee,Jagged Little Tapestry,2015,\N,Fox,8.6,692,111
tt3300334,tt1327801,6,5,Glee,The Hurt Locker: Part 2,2015,\N,Fox,8.4,698,113
tt3314390,tt1327801,5,8,Glee,Previously Unaired Christmas,2013,\N,Fox,7.2,801,96
tt3329402,tt1327801,5,9,Glee,Frenemies,2014,\N,Fox,8.5,685,97
tt3364556,tt1327801,5,10,Glee,Trio,2014,\N,Fox,8.3,553,98
tt3384974,tt1327801,5,12,Glee,100,2014,\N,Fox,9.2,914,100
tt3391206,tt1327801,5,11,Glee,City of Angels,2014,\N,Fox,8.9,730,99
tt3501296,tt1327801,5,14,Glee,New New York,2014,\N,Fox,8.5,681,102
tt3503338,tt1327801,5,13,Glee,New Directions,2014,\N,Fox,9.2,815,101
tt3593618,tt1327801,5,16,Glee,Tested,2014,\N,Fox,7.6,627,104
tt3596032,tt1327801,5,15,Glee,Bash,2014,\N,Fox,8.5,645,103
tt3609518,tt1327801,5,19,Glee,"Old Dog, New Tricks",2014,\N,Fox,8.3,650,107
tt3628508,tt1327801,5,17,Glee,Opening Night,2014,\N,Fox,8.7,674,105
tt3628512,tt1327801,5,18,Glee,The Back-Up Plan,2014,\N,Fox,7.6,625,106
tt3628526,tt1327801,5,20,Glee,The Untitled Rachel Berry Project,2014,\N,Fox,7.9,676,108
tt3888738,tt1327801,6,13,Glee,Dreams Come True,2015,\N,Fox,9.3,969,121
tt3902882,tt1327801,6,2,Glee,Homecoming,2015,\N,Fox,8.7,802,110
tt3976288,tt1327801,6,4,Glee,The Hurt Locker: Part 1,2015,\N,Fox,8.1,702,112
tt3986488,tt1327801,6,6,Glee,What the World Needs Now,2015,\N,Fox,8.2,651,114
tt3992234,tt1327801,6,7,Glee,Transitioning,2015,\N,Fox,8.6,662,115
tt3999280,tt1327801,6,12,Glee,2009,2015,\N,Fox,9.4,907,120
tt3999282,tt1327801,6,9,Glee,Child Star,2015,\N,Fox,8.2,633,117
tt3999284,tt1327801,6,10,Glee,The Rise and Fall of Sue Sylvester,2015,\N,Fox,8.2,647,118
tt3999286,tt1327801,6,11,Glee,We Built This Glee Club,2015,\N,Fox,8.9,677,119
tt4000512,tt1327801,6,8,Glee,A Wedding,2015,\N,Fox,9.0,804,116
